TS_CODE,NAME
430476.BJ,海能技术
835184.BJ,国源科技
832225.BJ,利通科技
300539.SZ,横河精密
688141.SH,杰华特
301123.SZ,奕东电子
300814.SZ,中富电路
688648.SH,中邮科技
688448.SH,磁谷科技
688306.SH,均普智能
300547.SZ,川环科技
688775.SH,影石创新
300803.SZ,指南针
688519.SH,南亚新材
300730.SZ,科创信息
688199.SH,久日新材
688098.SH,申联生物
301526.SZ,国际复材
688265.SH,南模生物
300870.SZ,欧陆通
835438.BJ,戈碧迦
688669.SH,聚石化学
688733.SH,壹石通
300300.SZ,海峡创新
300561.SZ,*ST汇科
300033.SZ,同花顺
301397.SZ,溯联股份
301529.SZ,福赛科技
300690.SZ,双一科技
688379.SH,华光新材
300436.SZ,广生堂
301217.SZ,铜冠铜箔
301291.SZ,明阳电气
301616.SZ,浙江华业
688108.SH,赛诺医疗
300855.SZ,图南股份
300593.SZ,新雷能
838402.BJ,硅烷科技
833914.BJ,远航精密
301128.SZ,强瑞技术
300395.SZ,菲利华
300584.SZ,海辰药业
688582.SH,芯动联科
688619.SH,罗普特
300727.SZ,润禾材料
301630.SZ,同宇新材
301176.SZ,逸豪新材
839790.BJ,联迪信息
835179.BJ,凯德石英
688219.SH,会通股份
688702.SH,盛科通信-U
300844.SZ,山水比德
688539.SH,高华科技
300843.SZ,胜蓝股份
688318.SH,财富趋势
688347.SH,华虹公司
688676.SH,金盘科技
873693.BJ,阿为特
300951.SZ,博硕科技
688195.SH,腾景科技
688515.SH,裕太微-U
301022.SZ,海泰科
871694.BJ,中裕科技
300724.SZ,捷佳伟创
301479.SZ,弘景光电
688621.SH,阳光诺和
301018.SZ,申菱环境
301326.SZ,捷邦科技
301076.SZ,新瀚新材
603601.SH,再升科技
000068.SZ,华控赛格
603002.SH,宏昌电子
600110.SH,诺德股份
601609.SH,金田股份
002598.SZ,山东章鼓
600208.SH,衢州发展
002939.SZ,长城证券
002645.SZ,华宏科技
002549.SZ,凯美特气
002782.SZ,可立克
002879.SZ,长缆科技
603153.SH,上海建科
002364.SZ,中恒电气
601208.SH,东材科技
002911.SZ,佛燃能源
603607.SH,京华激光
600860.SH,京城股份
001269.SZ,欧晶科技
603380.SH,易德龙
600592.SH,龙溪股份
600673.SH,东阳光
600183.SH,生益科技
603757.SH,大元泵业
603373.SH,安邦护卫
001359.SZ,平安电工
603256.SH,宏和科技
600021.SH,上海电力
600416.SH,湘电股份
003020.SZ,立方制药
600113.SH,浙江东日
002715.SZ,登云股份
605169.SH,洪通燃气
603688.SH,石英股份
605196.SH,华通线缆
002080.SZ,中材科技
603222.SH,济民健康
003022.SZ,联泓新科
002993.SZ,奥海科技
002518.SZ,科士达
000501.SZ,武商集团
605588.SH,冠石科技
600580.SH,卧龙电驱
002052.SZ,同洲电子
002873.SZ,新天药业
003033.SZ,征和工业
002298.SZ,中电鑫龙
603686.SH,福龙马
002536.SZ,飞龙股份
002158.SZ,汉钟精机
603626.SH,科森科技
603025.SH,大豪科技
600737.SH,中粮糖业
002636.SZ,金安国纪
002951.SZ,金时科技
601519.SH,大智慧
603221.SH,爱丽家居
600255.SH,鑫科材料
002011.SZ,盾安环境
603903.SH,中持股份
000970.SZ,中科三环
603158.SH,腾龙股份
002272.SZ,川润股份
002909.SZ,集泰股份
002203.SZ,海亮股份
600076.SH,康欣新材
002660.SZ,茂硕电源
600601.SH,方正科技
002551.SZ,尚荣医疗
600657.SH,信达地产
601162.SH,天风证券
688021.SH,奥福科技
688800.SH,瑞可达
301413.SZ,安培龙
688368.SH,晶丰明源
300059.SZ,东方财富
688553.SH,汇宇制药-W
688584.SH,上海合晶
300368.SZ,汇金股份
002837.SZ,英维克
688661.SH,和林微纳
300811.SZ,铂科新材
920106.BJ,林泰新材
603337.SH,杰克股份
301511.SZ,德福科技
603031.SH,安孚科技
002871.SZ,伟隆股份
600711.SH,盛屯矿业
831834.BJ,三维装备
002768.SZ,国恩股份
603458.SH,勘设股份
002225.SZ,濮耐股份
688667.SH,菱电电控
300145.SZ,南方泵业
301398.SZ,星源卓镁
300902.SZ,国安达
601696.SH,中银证券
430685.BJ,新芝生物
300352.SZ,北信源
002317.SZ,众生药业
301132.SZ,满坤科技
301029.SZ,怡合达
300400.SZ,劲拓股份
300456.SZ,赛微电子
300655.SZ,晶瑞电材
603186.SH,华正新材
000029.SZ,深深房Ａ
688516.SH,奥特维
301196.SZ,唯科科技
873223.BJ,荣亿精密
301227.SZ,森鹰窗业
002988.SZ,豪美新材
688039.SH,当虹科技
301323.SZ,新莱福
688717.SH,艾罗能源
301069.SZ,凯盛新材
300801.SZ,泰和科技
688276.SH,百克生物
873726.BJ,卓兆点胶
002674.SZ,兴业科技
300196.SZ,长海股份
301125.SZ,腾亚精工
000811.SZ,冰轮环境
832662.BJ,方盛股份
301251.SZ,威尔高
002857.SZ,三晖电气
688017.SH,绿的谐波
688755.SH,汉邦科技
301389.SZ,隆扬电子
002174.SZ,游族网络
688035.SH,德邦科技
688210.SH,统联精密
300128.SZ,锦富技术
300486.SZ,东杰智能
688117.SH,圣诺生物
002044.SZ,美年健康
603679.SH,华体科技
301021.SZ,英诺激光
002104.SZ,恒宝股份
301225.SZ,恒勃股份
600353.SH,旭光电子
002459.SZ,晶澳科技
688046.SH,药康生物
688408.SH,中信博
430090.BJ,同辉信息
601615.SH,明阳智能
688691.SH,灿芯股份
300274.SZ,阳光电源
688556.SH,高测股份
300085.SZ,银之杰
603367.SH,辰欣药业
601929.SH,吉视传媒
002669.SZ,康达新材
300695.SZ,兆丰股份
000065.SZ,北方国际
300684.SZ,中石科技
301187.SZ,欧圣电气
002173.SZ,创新医疗
300136.SZ,信维通信
603606.SH,东方电缆
688520.SH,神州细胞
300047.SZ,天源迪科
301072.SZ,中捷精工
300499.SZ,高澜股份
002126.SZ,银轮股份
002342.SZ,巨力索具
601677.SH,明泰铝业
832171.BJ,志晟信息
603161.SH,科华控股
300246.SZ,宝莱特
831195.BJ,三祥科技
600143.SH,金发科技
605305.SH,中际联合
837592.BJ,华信永道
301020.SZ,密封科技
002062.SZ,宏润建设
300907.SZ,康平科技
688772.SH,珠海冠宇
301502.SZ,华阳智能
837821.BJ,则成电子
600298.SH,安琪酵母
300771.SZ,智莱科技
300739.SZ,明阳电路
301489.SZ,思泉新材
001400.SZ,江顺科技
300281.SZ,金明精机
603225.SH,新凤鸣
301510.SZ,固高科技
688221.SH,前沿生物-U
688484.SH,南芯科技
001268.SZ,联合精密
600095.SH,湘财股份
300683.SZ,海特生物
688433.SH,华曙高科
603155.SH,新亚强
300665.SZ,飞鹿股份
002850.SZ,科达利
002576.SZ,通达动力
688655.SH,迅捷兴
301040.SZ,中环海陆
688590.SH,新致软件
600176.SH,中国巨石
300432.SZ,富临精工
601702.SH,华峰铝业
300969.SZ,恒帅股份
300048.SZ,合康新能
688181.SH,八亿时空
002552.SZ,宝鼎科技
600458.SH,时代新材
838171.BJ,邦德股份
873706.BJ,铁拓机械
300942.SZ,易瑞生物
300637.SZ,扬帆新材
002579.SZ,中京电子
301377.SZ,鼎泰高科
600438.SH,通威股份
300236.SZ,上海新阳
600513.SH,联环药业
002885.SZ,京泉华
002943.SZ,宇晶股份
300772.SZ,运达股份
603308.SH,应流股份
300731.SZ,科创新源
603219.SH,富佳股份
300553.SZ,集智股份
603129.SH,春风动力
300985.SZ,致远新能
601727.SH,上海电气
002134.SZ,天津普林
301216.SZ,万凯新材
688512.SH,慧智微-U
603516.SH,淳中科技
300102.SZ,乾照光电
000980.SZ,众泰汽车
301067.SZ,显盈科技
002215.SZ,诺 普 信
001395.SZ,亚联机械
002219.SZ,新里程
301317.SZ,鑫磊股份
600699.SH,均胜电子
600201.SH,生物股份
603185.SH,弘元绿能
688401.SH,路维光电
002420.SZ,毅昌科技
300441.SZ,鲍斯股份
002048.SZ,宁波华翔
603112.SH,华翔股份
301338.SZ,凯格精机
832978.BJ,开特股份
688711.SH,宏微科技
301259.SZ,艾布鲁
301358.SZ,湖南裕能
430564.BJ,天润科技
300845.SZ,捷安高科
873833.BJ,美心翼申
301505.SZ,苏州规划
605133.SH,嵘泰股份
833751.BJ,惠同新材
601311.SH,骆驼股份
300677.SZ,英科医疗
301268.SZ,铭利达
300343.SZ,ST联创
600380.SH,健康元
688383.SH,新益昌
605208.SH,永茂泰
300706.SZ,阿石创
300017.SZ,网宿科技
300354.SZ,东华测试
430556.BJ,雅达股份
002217.SZ,合力泰
000679.SZ,大连友谊
688603.SH,天承科技
301209.SZ,联合化学
300990.SZ,同飞股份
002533.SZ,金杯电工
300118.SZ,东方日升
300606.SZ,金太阳
688303.SH,大全能源
301061.SZ,匠心家居
601099.SH,太平洋
301366.SZ,一博科技
688719.SH,爱科赛博
301100.SZ,风光股份
001288.SZ,运机集团
688625.SH,呈和科技
603124.SH,江南新材
301135.SZ,瑞德智能
688508.SH,芯朋微
603587.SH,地素时尚
300232.SZ,洲明科技
300109.SZ,新开源
000712.SZ,锦龙股份
603608.SH,天创时尚
300119.SZ,瑞普生物
600410.SH,华胜天成
603306.SH,华懋科技
000633.SZ,合金投资
688122.SH,西部超导
688300.SH,联瑞新材
002918.SZ,蒙娜丽莎
688428.SH,诺诚健华-U
300414.SZ,中光防雷
301606.SZ,绿联科技
300911.SZ,亿田智能
688721.SH,龙图光罩
600226.SH,亨通股份
002444.SZ,巨星科技
688567.SH,孚能科技
603739.SH,蔚蓝生物
001283.SZ,豪鹏科技
300324.SZ,旋极信息
300992.SZ,泰福泵业
300192.SZ,科德教育
300652.SZ,雷迪克
603035.SH,常熟汽饰
300681.SZ,英搏尔
300377.SZ,赢时胜
600366.SH,宁波韵升
300169.SZ,天晟新材
002987.SZ,京北方
688182.SH,灿勤科技
834770.BJ,艾能聚
300657.SZ,弘信电子
300572.SZ,安车检测
603383.SH,顶点软件
301093.SZ,华兰股份
300796.SZ,贝斯美
603617.SH,君禾股份
600106.SH,重庆路桥
002846.SZ,英联股份
301155.SZ,海力风电
002049.SZ,紫光国微
600446.SH,金证股份
601233.SH,桐昆股份
301011.SZ,华立科技
300967.SZ,晓鸣股份
002531.SZ,天顺风能
601061.SH,中信金属
600325.SH,华发股份
836699.BJ,海达尔
605168.SH,三人行
603178.SH,圣龙股份
603269.SH,海鸥股份
300268.SZ,*ST佳沃
603737.SH,三棵树
000609.SZ,ST中迪
832145.BJ,恒合股份
605111.SH,新洁能
002370.SZ,亚太药业
002886.SZ,沃特股份
688162.SH,巨一科技
002862.SZ,实丰文化
301221.SZ,光庭信息
837242.BJ,建邦科技
300101.SZ,振芯科技
836414.BJ,欧普泰
688622.SH,禾信仪器
301181.SZ,标榜股份
002211.SZ,ST宏达
002625.SZ,光启技术
000933.SZ,神火股份
002316.SZ,ST亚联
300199.SZ,翰宇药业
002592.SZ,ST八菱
002305.SZ,*ST南置
300398.SZ,飞凯材料
600243.SH,*ST海华
000014.SZ,沙河股份
600777.SH,*ST新潮
603007.SH,*ST花王
603789.SH,*ST星农
301005.SZ,超捷股份
688729.SH,屹唐股份
002306.SZ,*ST云网
002206.SZ,海 利 得
000691.SZ,*ST亚太
600375.SH,汉马科技
002848.SZ,*ST高斯
002231.SZ,*ST奥维
000004.SZ,*ST国华
002050.SZ,三花智控
002182.SZ,宝武镁业
002409.SZ,雅克科技
601139.SH,深圳燃气
001236.SZ,弘业期货
603612.SH,索通发展
600421.SH,*ST华嵘
300642.SZ,透景生命
000752.SZ,ST西发
688261.SH,东微半导
688321.SH,微芯生物
002484.SZ,江海股份
688592.SH,司南导航
300103.SZ,达刚控股
600265.SH,ST景谷
688600.SH,皖仪科技
600552.SH,凯盛科技
002990.SZ,盛视科技
300204.SZ,舒泰神
002201.SZ,九鼎新材
688588.SH,凌志软件
600839.SH,四川长虹
002171.SZ,楚江新材
600365.SH,ST通葡
603303.SH,得邦照明
688496.SH,清越科技
832651.BJ,天罡股份
688097.SH,博众精工
600030.SH,中信证券
002783.SZ,凯龙股份
603936.SH,博敏电子
603021.SH,ST华鹏
002245.SZ,蔚蓝锂芯
873690.BJ,捷众科技
300260.SZ,新莱应材
300491.SZ,通合科技
300065.SZ,海兰信
688114.SH,华大智造
600775.SH,南京熊猫
001306.SZ,夏厦精密
300693.SZ,盛弘股份
603115.SH,海星股份
605286.SH,同力日升
600405.SH,动力源
688716.SH,中研股份
688063.SH,派能科技
688229.SH,博睿数据
688258.SH,卓易信息
600392.SH,盛和资源
002922.SZ,伊戈尔
600522.SH,中天科技
301568.SZ,思泰克
301087.SZ,可孚医疗
002093.SZ,国脉科技
002643.SZ,万润股份
688246.SH,嘉和美康
300279.SZ,和晶科技
300905.SZ,宝丽迪
000561.SZ,烽火电子
300443.SZ,金雷股份
002865.SZ,钧达股份
834950.BJ,迅安科技
600571.SH,信雅达
300766.SZ,每日互动
688545.SH,兴福电子
920445.BJ,龙竹科技
688598.SH,金博股份
430478.BJ,峆一药业
000750.SZ,国海证券
836247.BJ,华密新材
603557.SH,ST起步
831961.BJ,创远信科
688170.SH,德龙激光
000795.SZ,英洛华
300822.SZ,贝仕达克
002338.SZ,奥普光电
600233.SH,圆通速递
603615.SH,茶花股份
003019.SZ,宸展光电
301628.SZ,强达电路
832469.BJ,富恒新材
600331.SH,宏达股份
600107.SH,ST尔雅
603535.SH,嘉诚国际
688004.SH,博汇科技
872925.BJ,锦好医疗
300153.SZ,科泰电源
688008.SH,澜起科技
603040.SH,新坐标
688726.SH,拉普拉斯
300964.SZ,本川智能
603297.SH,永新光学
301089.SZ,拓新药业
300224.SZ,正海磁材
601877.SH,正泰电器
300767.SZ,震安科技
688395.SH,正弦电气
301261.SZ,恒工精密
872808.BJ,曙光数创
605376.SH,博迁新材
301282.SZ,金禄电子
301560.SZ,众捷汽车
603197.SH,保隆科技
600141.SH,兴发集团
001379.SZ,腾达科技
300380.SZ,安硕信息
688337.SH,普源精电
300850.SZ,新强联
300885.SZ,海昌新材
002468.SZ,申通快递
301446.SZ,福事特
002335.SZ,科华数据
832089.BJ,禾昌聚合
601636.SH,旗滨集团
002244.SZ,滨江集团
688551.SH,科威尔
603009.SH,北特科技
603500.SH,祥和实业
600568.SH,ST中珠
301603.SZ,乔锋智能
603657.SH,春光科技
002068.SZ,黑猫股份
002294.SZ,信立泰
605228.SH,神通科技
688599.SH,天合光能
600831.SH,ST广网
834415.BJ,恒拓开源
688052.SH,纳芯微
002797.SZ,第一创业
601689.SH,拓普集团
688757.SH,胜科纳米
688331.SH,荣昌生物
872953.BJ,国子软件
688593.SH,新相微
000551.SZ,创元科技
600563.SH,法拉电子
603093.SH,南华期货
002875.SZ,安奈儿
688286.SH,敏芯股份
300936.SZ,中英科技
603062.SH,麦加芯彩
001301.SZ,尚太科技
688388.SH,嘉元科技
833943.BJ,优机股份
000801.SZ,四川九洲
002534.SZ,西子洁能
600475.SH,华光环能
301591.SZ,肯特股份
002334.SZ,英威腾
300165.SZ,ST天瑞
600160.SH,巨化股份
601375.SH,中原证券
600996.SH,贵广网络
600503.SH,华丽家族
688503.SH,聚和材料
688602.SH,康鹏科技
603722.SH,阿科力
430418.BJ,苏轴股份
688110.SH,东芯股份
300916.SZ,朗特智能
301315.SZ,威士顿
300503.SZ,昊志机电
000422.SZ,湖北宜化
600980.SH,北矿科技
600481.SH,双良节能
688700.SH,东威科技
300965.SZ,恒宇信通
603528.SH,多伦科技
300691.SZ,联合光电
600006.SH,东风股份
688281.SH,华秦科技
002150.SZ,通润装备
002380.SZ,科远智慧
300515.SZ,三德科技
600198.SH,大唐电信
688020.SH,方邦股份
300769.SZ,德方纳米
600115.SH,中国东航
301488.SZ,豪恩汽电
605081.SH,*ST太和
300415.SZ,伊之密
837663.BJ,明阳科技
002738.SZ,中矿资源
873001.BJ,纬达光电
688037.SH,芯源微
603790.SH,雅运股份
002051.SZ,中工国际
603993.SH,洛阳钼业
300235.SZ,方直科技
002491.SZ,通鼎互联
688233.SH,神工股份
301538.SZ,骏鼎达
837748.BJ,路桥信息
301548.SZ,崇德科技
603338.SH,浙江鼎力
000636.SZ,风华高科
300835.SZ,龙磁科技
601958.SH,金钼股份
300283.SZ,温州宏丰
300094.SZ,国联水产
600389.SH,江山股份
301019.SZ,宁波色母
603969.SH,银龙股份
002884.SZ,凌霄泵业
300360.SZ,炬华科技
300001.SZ,特锐德
301590.SZ,优优绿能
601600.SH,中国铝业
832110.BJ,雷特科技
603611.SH,诺力股份
688176.SH,亚虹医药-U
836675.BJ,秉扬科技
000545.SZ,金浦钛业
003005.SZ,竞业达
920799.BJ,艾融软件
688788.SH,科思科技
688660.SH,电气风电
688169.SH,石头科技
000503.SZ,国新健康
601066.SH,中信建投
605006.SH,山东玻纤
300610.SZ,晨化股份
300812.SZ,易天股份
600452.SH,涪陵电力
600191.SH,华资实业
300809.SZ,华辰装备
832491.BJ,奥迪威
300474.SZ,景嘉微
603985.SH,恒润股份
300830.SZ,金现代
688234.SH,天岳先进
603466.SH,风语筑
002148.SZ,北纬科技
688339.SH,亿华通-U
836149.BJ,旭杰科技
301559.SZ,中集环科
300680.SZ,隆盛科技
301327.SZ,华宝新能
300857.SZ,协创数据
301193.SZ,家联科技
300313.SZ,*ST天山
002500.SZ,山西证券
688295.SH,中复神鹰
002859.SZ,洁美科技
002019.SZ,亿帆医药
300904.SZ,威力传动
000031.SZ,大悦城
833580.BJ,科创新材
688128.SH,中国电研
870976.BJ,视声智能
688159.SH,有方科技
600595.SH,中孚实业
600383.SH,金地集团
837092.BJ,汉鑫科技
002085.SZ,万丰奥威
601137.SH,博威合金
000807.SZ,云铝股份
688360.SH,德马科技
002418.SZ,康盛股份
300651.SZ,金陵体育
002202.SZ,金风科技
688247.SH,宣泰医药
001367.SZ,海森药业
831526.BJ,凯华材料
002947.SZ,恒铭达
000683.SZ,博源化工
603191.SH,望变电气
002915.SZ,中欣氟材
603238.SH,诺邦股份
603960.SH,克来机电
601012.SH,隆基绿能
002709.SZ,天赐材料
301516.SZ,中远通
831689.BJ,克莱特
300239.SZ,东宝生物
002106.SZ,莱宝高科
832876.BJ,慧为智能
300442.SZ,润泽科技
835985.BJ,海泰新能
688323.SH,瑞华泰
300537.SZ,广信材料
871857.BJ,泓禧科技
600506.SH,统一股份
688223.SH,晶科能源
600545.SH,卓郎智能
002741.SZ,光华科技
300762.SZ,上海瀚讯
002961.SZ,瑞达期货
605589.SH,圣泉集团
688607.SH,康众医疗
688163.SH,赛伦生物
300175.SZ,ST朗源
002838.SZ,道恩股份
002664.SZ,信质集团
688758.SH,赛分科技
002673.SZ,西部证券
601881.SH,中国银河
601138.SH,工业富联
301622.SZ,英思特
300226.SZ,上海钢联
600418.SH,江淮汽车
688070.SH,纵横股份
603659.SH,璞泰来
600731.SH,湖南海利
873679.BJ,前进科技
301617.SZ,博苑股份
603928.SH,兴业股份
603189.SH,网达软件
688193.SH,仁度生物
002585.SZ,双星新材
300346.SZ,南大光电
300083.SZ,创世纪
301239.SZ,普瑞眼科
301157.SZ,华塑科技
601865.SH,福莱特
000510.SZ,新金路
688472.SH,阿特斯
002485.SZ,ST雪发
688371.SH,菲沃泰
300211.SZ,*ST亿通
603150.SH,万朗磁塑
000657.SZ,中钨高新
603806.SH,福斯特
430425.BJ,乐创技术
688411.SH,海博思创
002706.SZ,良信股份
603283.SH,赛腾股份
688502.SH,茂莱光学
603890.SH,春秋电子
835368.BJ,连城数控
837212.BJ,智新电子
300401.SZ,花园生物
300284.SZ,苏交科
300258.SZ,精锻科技
603212.SH,赛伍技术
300410.SZ,正业科技
300538.SZ,同益股份
300709.SZ,精研科技
300331.SZ,苏大维格
831167.BJ,鑫汇科
301611.SZ,珂玛科技
600546.SH,山煤国际
605189.SH,富春染织
301525.SZ,儒竞科技
300841.SZ,康华生物
002110.SZ,三钢闽光
688486.SH,龙迅股份
688301.SH,奕瑞科技
688003.SH,天准科技
300263.SZ,隆华科技
601628.SH,中国人寿
002055.SZ,得润电子
601236.SH,红塔证券
688280.SH,精进电动-UW
300066.SZ,三川智慧
603328.SH,依顿电子
300449.SZ,汉邦高科
600596.SH,新安股份
600390.SH,五矿资本
300351.SZ,永贵电器
300416.SZ,苏试试验
839946.BJ,华阳变速
300252.SZ,金信诺
301208.SZ,中亦科技
870508.BJ,丰安股份
000010.SZ,美丽生态
300221.SZ,银禧科技
300046.SZ,台基股份
603755.SH,日辰股份
300609.SZ,汇纳科技
688376.SH,美埃科技
600266.SH,城建发展
605289.SH,罗曼股份
300382.SZ,斯莱克
688308.SH,欧科亿
001230.SZ,劲旅环境
688291.SH,金橙子
605298.SH,必得科技
300290.SZ,荣科科技
002903.SZ,宇环数控
000783.SZ,长江证券
002510.SZ,天汽模
300127.SZ,银河磁体
831768.BJ,拾比佰
688283.SH,坤恒顺维
300061.SZ,旗天科技
301421.SZ,波长光电
688630.SH,芯碁微装
603829.SH,洛凯股份
688683.SH,莱尔科技
688208.SH,道通科技
300488.SZ,恒锋工具
831641.BJ,格利尔
688469.SH,芯联集成-U
300376.SZ,ST易事特
688583.SH,思看科技
301002.SZ,崧盛股份
831039.BJ,国义招标
688056.SH,莱伯泰科
603989.SH,艾华集团
833427.BJ,华维设计
002657.SZ,中科金财
300580.SZ,贝斯特
300429.SZ,强力新材
688290.SH,景业智能
301202.SZ,朗威股份
002810.SZ,山东赫达
601136.SH,首创证券
301057.SZ,汇隆新材
605068.SH,明新旭腾
600733.SH,北汽蓝谷
002685.SZ,华东重机
837174.BJ,宏裕包材
300229.SZ,拓尔思
300943.SZ,春晖智控
920060.BJ,万源通
600155.SH,华创云信
603226.SH,菲林格尔
600732.SH,爱旭股份
300407.SZ,凯发电气
688192.SH,迪哲医药-U
300337.SZ,银邦股份
301131.SZ,聚赛龙
300107.SZ,建新股份
873806.BJ,云星宇
300440.SZ,运达科技
920037.BJ,广信科技
301600.SZ,慧翰股份
430198.BJ,微创光电
688609.SH,九联科技
839719.BJ,宁新新材
688123.SH,聚辰股份
002387.SZ,维信诺
836504.BJ,博迅生物
603163.SH,圣晖集成
600622.SH,光大嘉宝
605008.SH,长鸿高科
002895.SZ,川恒股份
000682.SZ,东方电子
002906.SZ,华阳集团
688653.SH,康希通信
300720.SZ,海川智能
300419.SZ,ST浩丰
688631.SH,莱斯信息
836260.BJ,中寰股份
603855.SH,华荣股份
601336.SH,新华保险
600361.SH,创新新材
688535.SH,华海诚科
688531.SH,日联科技
600114.SH,东睦股份
000608.SZ,*ST阳光
873593.BJ,鼎智科技
301388.SZ,欣灵电气
603863.SH,松炀资源
300393.SZ,中来股份
600864.SH,哈投股份
603081.SH,大丰实业
688529.SH,豪森智能
001221.SZ,悍高集团
000301.SZ,东方盛虹
688197.SH,首药控股-U
002641.SZ,公元股份
603106.SH,恒银科技
002901.SZ,大博医疗
600906.SH,XD财达证
300510.SZ,金冠股份
600345.SH,长江通信
605365.SH,立达信
300897.SZ,山科智能
688525.SH,佰维存储
688359.SH,三孚新科
002324.SZ,普利特
603166.SH,福达股份
603063.SH,禾望电气
601177.SH,杭齿前进
300399.SZ,天利科技
600851.SH,海欣股份
301399.SZ,英特科技
601059.SH,XD信达证
300049.SZ,福瑞股份
002532.SZ,天山铝业
600487.SH,亨通光电
301031.SZ,中熔电气
000027.SZ,深圳能源
301275.SZ,汉朔科技
301252.SZ,同星科技
300751.SZ,迈为股份
600692.SH,亚通股份
836077.BJ,吉林碳谷
002056.SZ,横店东磁
603610.SH,麒盛科技
300656.SZ,民德电子
000887.SZ,中鼎股份
836871.BJ,派特尔
002129.SZ,TCL中环
301319.SZ,唯特偶
300549.SZ,优德精密
603266.SH,天龙股份
601777.SH,千里科技
688087.SH,英科再生
600222.SH,太龙药业
600671.SH,天目药业
300293.SZ,蓝英装备
300035.SZ,中科电气
603173.SH,福斯达
002613.SZ,北玻股份
603350.SH,安乃达
600232.SH,金鹰股份
605555.SH,德昌股份
300091.SZ,金通灵
688146.SH,中船特气
000703.SZ,恒逸石化
300245.SZ,天玑科技
301121.SZ,紫建电子
430718.BJ,合肥高科
601456.SH,国联民生
002443.SZ,金洲管道
000928.SZ,中钢国际
002975.SZ,博杰股份
000099.SZ,中信海直
830896.BJ,旺成科技
000686.SZ,东北证券
836957.BJ,汉维科技
300231.SZ,银信科技
870357.BJ,雅葆轩
000728.SZ,国元证券
300339.SZ,润和软件
603386.SH,骏亚科技
301391.SZ,卡莱特
600621.SH,华鑫股份
600588.SH,用友网络
600684.SH,珠江股份
002263.SZ,大东南
300670.SZ,大烨智能
300200.SZ,高盟新材
603823.SH,百合花
603271.SH,永杰新材
300328.SZ,宜安科技
836270.BJ,天铭科技
601995.SH,中金公司
920167.BJ,同享科技
300543.SZ,朗科智能
000987.SZ,越秀资本
301292.SZ,海科新源
600735.SH,新华锦
688507.SH,索辰科技
688268.SH,华特气体
300041.SZ,回天新材
688032.SH,禾迈股份
688536.SH,思瑞浦
300903.SZ,科翔股份
688678.SH,福立旺
600603.SH,ST广物
002774.SZ,快意电梯
688679.SH,通源环境
688102.SH,斯瑞新材
300912.SZ,凯龙高科
688029.SH,南微医学
834062.BJ,科润智控
300975.SZ,商络电子
300820.SZ,英杰电气
300341.SZ,麦克奥迪
600378.SH,昊华科技
300699.SZ,光威复材
688663.SH,新风光
002429.SZ,兆驰股份
002745.SZ,木林森
000630.SZ,铜陵有色
300984.SZ,金沃股份
002423.SZ,中粮资本
688612.SH,威迈斯
600638.SH,新黄浦
300471.SZ,厚普股份
001389.SZ,广合科技
002819.SZ,东方中科
002851.SZ,麦格米特
300129.SZ,泰胜风能
920082.BJ,方正阀门
301091.SZ,深城交
301555.SZ,惠柏新材
603869.SH,ST智知
300037.SZ,新宙邦
834599.BJ,同力股份
300166.SZ,东方国信
300806.SZ,斯迪克
603041.SH,美思德
002224.SZ,三 力 士
300792.SZ,壹网壹创
301219.SZ,腾远钴业
603416.SH,信捷电气
002586.SZ,*ST围海
002942.SZ,新农股份
002448.SZ,中原内配
002595.SZ,豪迈科技
600888.SH,新疆众和
688235.SH,百济神州-U
833346.BJ,威贸电子
600909.SH,华安证券
002259.SZ,升达林业
300644.SZ,南京聚隆
300541.SZ,先进数通
300701.SZ,森霸传感
688689.SH,银河微电
002945.SZ,华林证券
839792.BJ,东和新材
002407.SZ,多氟多
603897.SH,长城科技
300316.SZ,晶盛机电
688249.SH,晶合集成
603809.SH,豪能股份
001979.SZ,招商蛇口
002926.SZ,华西证券
002623.SZ,亚玛顿
600369.SH,西南证券
300632.SZ,光莆股份
300149.SZ,睿智医药
301380.SZ,挖金客
688558.SH,国盛智科
000563.SZ,陕国投Ａ
002483.SZ,润邦股份
600212.SH,绿能慧充
688173.SH,希荻微
600918.SH,中泰证券
688798.SH,艾为电子
688439.SH,振华风光
600096.SH,云天化
300828.SZ,锐新科技
002357.SZ,富临运业
000812.SZ,陕西金叶
000629.SZ,钒钛股份
300319.SZ,麦捷科技
301299.SZ,卓创资讯
600109.SH,国金证券
688270.SH,臻镭科技
301166.SZ,优宁维
001914.SZ,招商积余
835508.BJ,殷图网联
688065.SH,凯赛生物
871553.BJ,凯腾精工
603766.SH,隆鑫通用
688186.SH,广大特材
003009.SZ,中天火箭
600877.SH,电科芯片
603966.SH,法兰泰克
688530.SH,欧莱新材
300105.SZ,龙源技术
688595.SH,芯海科技
300296.SZ,利亚德
603162.SH,海通发展
688348.SH,昱能科技
872931.BJ,无锡鼎邦
301201.SZ,诚达药业
601198.SH,XD东兴证
688252.SH,天德钰
300333.SZ,兆日科技
301379.SZ,天山电子
300113.SZ,顺网科技
688153.SH,唯捷创芯
002235.SZ,安妮股份
002812.SZ,恩捷股份
300790.SZ,宇瞳光学
603207.SH,小方制药
600838.SH,上海九百
301000.SZ,肇民科技
300014.SZ,亿纬锂能
688061.SH,灿瑞科技
301046.SZ,能辉科技
600510.SH,黑牡丹
300961.SZ,深水海纳
688201.SH,信安世纪
002111.SZ,威海广泰
688060.SH,云涌科技
603290.SH,斯达半导
001207.SZ,联科科技
002197.SZ,ST证通
600570.SH,恒生电子
688377.SH,迪威尔
601126.SH,四方股份
301678.SZ,新恒汇
002227.SZ,奥 特 迅
603486.SH,科沃斯
832000.BJ,安徽凤凰
688007.SH,光峰科技
002971.SZ,和远气体
300077.SZ,国民技术
830974.BJ,凯大催化
002310.SZ,东方园林
301365.SZ,矩阵股份
688177.SH,百奥泰
688314.SH,康拓医疗
000409.SZ,云鼎科技
838810.BJ,春光智能
873665.BJ,科强股份
832735.BJ,德源药业
300917.SZ,特发服务
300464.SZ,星徽股份
603861.SH,白云电器
300403.SZ,汉宇集团
688028.SH,沃尔德
688435.SH,英方软件
603618.SH,杭电股份
832471.BJ,美邦科技
300030.SZ,阳普医疗
835237.BJ,力佳科技
300586.SZ,美联新材
688819.SH,天能股份
688207.SH,格灵深瞳
002822.SZ,ST中装
603773.SH,沃格光电
603912.SH,佳力图
301041.SZ,金百泽
831832.BJ,科达自控
600895.SH,张江高科
688132.SH,邦彦技术
688659.SH,元琛科技
600649.SH,城投控股
603859.SH,能科科技
601555.SH,东吴证券
603798.SH,康普顿
688786.SH,悦安新材
301161.SZ,唯万密封
601788.SH,光大证券
300070.SZ,碧水源
300249.SZ,依米康
600708.SH,光明地产
002965.SZ,祥鑫科技
603690.SH,至纯科技
688116.SH,天奈科技
002960.SZ,青鸟消防
002125.SZ,湘潭电化
000533.SZ,顺钠股份
603588.SH,高能环境
836422.BJ,润普食品
603078.SH,江化微
600739.SH,辽宁成大
603922.SH,金鸿顺
688720.SH,艾森股份
830832.BJ,齐鲁华信
002801.SZ,微光股份
600999.SH,招商证券
301229.SZ,纽泰格
301191.SZ,菲菱科思
832885.BJ,星辰科技
300111.SZ,向日葵
688697.SH,纽威数控
002617.SZ,露笑科技
002647.SZ,*ST仁东
603281.SH,江瀚新材
688167.SH,炬光科技
600490.SH,鹏欣资源
300465.SZ,高伟达
603505.SH,金石资源
300480.SZ,光力科技
601901.SH,方正证券
300583.SZ,赛托生物
603599.SH,广信股份
300661.SZ,圣邦股份
603868.SH,飞科电器
301348.SZ,蓝箭电子
688380.SH,中微半导
301636.SZ,泽润新能
002767.SZ,先锋电子
000913.SZ,钱江摩托
870204.BJ,沪江材料
002339.SZ,积成电子
601798.SH,蓝科高新
002998.SZ,优彩资源
688389.SH,普门科技
600973.SH,宝胜股份
688025.SH,杰普特
601990.SH,南京证券
600343.SH,航天动力
301218.SZ,华是科技
300522.SZ,世名科技
300378.SZ,鼎捷数智
603192.SH,汇得科技
600301.SH,华锡有色
300972.SZ,万辰集团
688613.SH,奥精医疗
300217.SZ,东方电热
833171.BJ,国航远洋
603218.SH,日月股份
002004.SZ,华邦健康
300832.SZ,新产业
688789.SH,宏华数科
300940.SZ,南极光
600751.SH,海航科技
002270.SZ,华明装备
603662.SH,柯力传感
002472.SZ,双环传动
600843.SH,上工申贝
600318.SH,新力金融
000878.SZ,云南铜业
601155.SH,新城控股
300157.SZ,新锦动力
000819.SZ,岳阳兴长
300623.SZ,捷捷微电
688138.SH,清溢光电
002569.SZ,*ST步森
605288.SH,凯迪股份
688022.SH,瀚川智能
603396.SH,金辰股份
833454.BJ,同心传动
688662.SH,富信科技
605100.SH,华丰股份
600355.SH,*ST精伦
600130.SH,*ST波导
300151.SZ,昌红科技
600081.SH,东风科技
835207.BJ,众诚科技
603082.SH,北自科技
003015.SZ,日久光电
300493.SZ,润欣科技
688077.SH,大地熊
832566.BJ,梓橦宫
300740.SZ,水羊股份
301013.SZ,利和兴
603978.SH,深圳新星
600626.SH,申达股份
688458.SH,美芯晟
002736.SZ,国信证券
000006.SZ,深振业Ａ
688981.SH,中芯国际
600409.SH,三友化工
002446.SZ,盛路通信
300732.SZ,设研院
300786.SZ,国林科技
301222.SZ,浙江恒威
300567.SZ,精测电子
920682.BJ,球冠电缆
605128.SH,上海沿浦
605399.SH,晨光新材
002925.SZ,盈趣科技
300988.SZ,津荣天宇
688710.SH,益诺思
002667.SZ,威领股份
000893.SZ,亚钾国际
000823.SZ,超声电子
300457.SZ,赢合科技
300551.SZ,古鳌科技
300966.SZ,共同药业
871981.BJ,晶赛科技
300782.SZ,卓胜微
600480.SH,凌云股份
834058.BJ,华洋赛车
688327.SH,云从科技-UW
603650.SH,彤程新材
301200.SZ,大族数控
300946.SZ,恒而达
300007.SZ,汉威科技
688750.SH,金天钛业
831627.BJ,力王股份
301378.SZ,通达海
603585.SH,苏利股份
600061.SH,国投资本
688701.SH,卓锦股份
300852.SZ,四会富仕
002632.SZ,道明光学
300817.SZ,双飞集团
600293.SH,三峡新材
688499.SH,利元亨
605178.SH,时空科技
605117.SH,德业股份
301030.SZ,仕净科技
000776.SZ,广发证券
300562.SZ,乐心医疗
000798.SZ,中水渔业
002828.SZ,贝肯能源
688349.SH,三一重能
688119.SH,中钢洛耐
603931.SH,格林达
000166.SZ,申万宏源
688355.SH,明志科技
300566.SZ,激智科技
002120.SZ,韵达股份
300507.SZ,苏奥传感
688248.SH,南网科技
605058.SH,澳弘电子
300569.SZ,天能重工
300713.SZ,英可瑞
301535.SZ,浙江华远
688262.SH,国芯科技
688698.SH,伟创电气
002426.SZ,胜利精密
300366.SZ,创意信息
833509.BJ,同惠电子
301609.SZ,山大电力
000889.SZ,中嘉博创
002278.SZ,神开股份
300171.SZ,东富龙
600517.SH,国网英大
000009.SZ,中国宝安
603926.SH,铁流股份
300168.SZ,万达信息
300004.SZ,南风股份
603701.SH,德宏股份
003038.SZ,鑫铂股份
600153.SH,建发股份
688198.SH,佰仁医疗
603086.SH,先达股份
300253.SZ,卫宁健康
688238.SH,和元生物
603260.SH,合盛硅业
002520.SZ,日发精机
688183.SH,生益电子
834475.BJ,三友科技
300475.SZ,香农芯创
301626.SZ,苏州天脉
301305.SZ,朗坤科技
688737.SH,中自科技
833394.BJ,民士达
603828.SH,ST柯利达
002276.SZ,万马股份
000892.SZ,欢瑞世纪
833455.BJ,汇隆活塞
688275.SH,万润新能
688126.SH,沪硅产业
600156.SH,华升股份
832149.BJ,利尔达
836547.BJ,无锡晶海
300594.SZ,朗进科技
300073.SZ,当升科技
301613.SZ,新铝时代
000758.SZ,中色股份
000727.SZ,冠捷科技
301566.SZ,达利凯普
300818.SZ,耐普矿机
688633.SH,星球石墨
871263.BJ,莱赛激光
603703.SH,盛洋科技
688601.SH,力芯微
001696.SZ,宗申动力
600330.SH,天通股份
600362.SH,江西铜业
300327.SZ,中颖电子
601108.SH,财通证券
600557.SH,康缘药业
000676.SZ,智度股份
300134.SZ,大富科技
300435.SZ,中泰股份
688403.SH,汇成股份
836263.BJ,中航泰达
002179.SZ,中航光电
301151.SZ,冠龙节能
688518.SH,联赢激光
300057.SZ,万顺新材
601908.SH,京运通
688005.SH,容百科技
838163.BJ,方大新材
301368.SZ,丰立智能
688062.SH,迈威生物-U
688259.SH,创耀科技
835892.BJ,中科美菱
000859.SZ,国风新材
603120.SH,肯特催化
300930.SZ,屹通新材
300745.SZ,欣锐科技
300299.SZ,富春股份
300660.SZ,江苏雷利
688620.SH,安凯微
873570.BJ,坤博精工
300863.SZ,卡倍亿
836717.BJ,瑞星股份
002847.SZ,盐津铺子
831906.BJ,舜宇精工
831855.BJ,浙江大农
002086.SZ,东方海洋
002724.SZ,海洋王
688353.SH,华盛锂电
301097.SZ,天益医疗
000815.SZ,美利云
601058.SH,赛轮轮胎
688362.SH,甬矽电子
689009.SH,九号公司-WD
300650.SZ,太龙股份
300006.SZ,莱美药业
300213.SZ,佳讯飞鸿
688432.SH,有研硅
834765.BJ,美之高
605118.SH,力鼎光电
688526.SH,科前生物
300620.SZ,光库科技
600637.SH,东方明珠
300292.SZ,吴通控股
600231.SH,凌钢股份
301160.SZ,翔楼新材
603379.SH,三美股份
002378.SZ,章源钨业
605358.SH,立昂微
002487.SZ,大金重工
688779.SH,五矿新能
300576.SZ,容大感光
002178.SZ,延华智能
002121.SZ,科陆电子
002506.SZ,协鑫集成
301557.SZ,常友科技
301237.SZ,和顺科技
688106.SH,金宏气体
688416.SH,恒烁股份
603983.SH,丸美生物
301581.SZ,黄山谷捷
600219.SH,南山铝业
600641.SH,万业企业
301266.SZ,宇邦新材
300871.SZ,回盛生物
605258.SH,协和电子
603113.SH,金能科技
300244.SZ,迪安诊断
300631.SZ,久吾高科
003004.SZ,*ST声迅
300019.SZ,硅宝科技
300682.SZ,朗新集团
834021.BJ,流金科技
688338.SH,赛科希德
300862.SZ,蓝盾光电
600985.SH,淮北矿业
002388.SZ,ST新亚
688610.SH,埃科光电
688549.SH,中巨芯-U
300374.SZ,中铁装配
001256.SZ,炜冈科技
301238.SZ,瑞泰新材
301150.SZ,中一科技
600869.SH,远东股份
300344.SZ,ST立方
688777.SH,中控技术
834639.BJ,晨光电缆
600958.SH,东方证券
000402.SZ,金 融 街
601377.SH,兴业证券
000612.SZ,焦作万方
301458.SZ,钧崴电子
831010.BJ,凯添燃气
688560.SH,明冠新材
601878.SH,浙商证券
688538.SH,和辉光电-U
688227.SH,品高股份
872374.BJ,云里物里
600133.SH,东湖高新
603325.SH,博隆技术
688299.SH,长阳科技
002670.SZ,国盛金控
688566.SH,吉贝尔
301086.SZ,鸿富瀚
002872.SZ,ST天圣
301448.SZ,开创电气
838701.BJ,豪声电子
600876.SH,凯盛新能
000156.SZ,华数传媒
301122.SZ,采纳股份
300758.SZ,七彩化学
300689.SZ,澄天伟业
300821.SZ,东岳硅材
688671.SH,碧兴物联
300534.SZ,陇神戎发
834014.BJ,特瑞斯
600745.SH,闻泰科技
603127.SH,昭衍新药
300473.SZ,德尔股份
300672.SZ,国科微
831856.BJ,浩淼科技
002101.SZ,广东鸿图
300893.SZ,松原安全
688605.SH,先锋精科
688206.SH,概伦电子
688085.SH,三友医疗
688429.SH,时创能源
301033.SZ,迈普医学
002057.SZ,中钢天源
836221.BJ,易实精密
688148.SH,芳源股份
300261.SZ,雅本化学
831305.BJ,海希通讯
870866.BJ,绿亨科技
301601.SZ,惠通科技
688202.SH,美迪西
605066.SH,天正电气
833030.BJ,立方控股
301075.SZ,多瑞医药
688699.SH,明微电子
603669.SH,灵康药业
300428.SZ,立中集团
600497.SH,驰宏锌锗
002683.SZ,广东宏大
688718.SH,唯赛勃
002842.SZ,翔鹭钨业
301306.SZ,西测测试
002876.SZ,三利谱
301053.SZ,远信工业
301118.SZ,恒光股份
300355.SZ,蒙草生态
300460.SZ,惠伦晶体
836419.BJ,万德股份
603098.SH,森特股份
301522.SZ,上大股份
000821.SZ,京山轻机
688156.SH,路德环境
603282.SH,亚光股份
002253.SZ,*ST智胜
003017.SZ,大洋生物
300304.SZ,云意电气
002976.SZ,瑞玛精密
301058.SZ,中粮科工
003029.SZ,吉大正元
603619.SH,中曼石油
600682.SH,南京新百
301036.SZ,双乐股份
600299.SH,安迪苏
002638.SZ,勤上股份
002481.SZ,双塔食品
000967.SZ,盈峰环境
000718.SZ,苏宁环球
001335.SZ,信凯科技
600460.SH,士兰微
605020.SH,永和股份
688581.SH,安杰思
873152.BJ,天宏锂电
301419.SZ,阿莱德
688055.SH,龙腾光电
002843.SZ,泰嘉股份
000581.SZ,威孚高科
300891.SZ,惠云钛业
002735.SZ,王子新材
301152.SZ,天力锂能
603336.SH,宏辉果蔬
605488.SH,福莱新材
000524.SZ,岭南控股
601098.SH,中南传媒
688505.SH,复旦张江
831175.BJ,派诺科技
600802.SH,福建水泥
300133.SZ,华策影视
688381.SH,帝奥微
600287.SH,江苏舜天
600536.SH,中国软件
300496.SZ,中科创达
603633.SH,徕木股份
838030.BJ,德众汽车
836720.BJ,吉冈精密
603324.SH,盛剑科技
688793.SH,倍轻松
301051.SZ,信濠光电
688157.SH,松井股份
600586.SH,金晶科技
000060.SZ,中金岭南
601595.SH,上海电影
002571.SZ,德力股份
002207.SZ,准油股份
603738.SH,泰晶科技
688296.SH,和达科技
301571.SZ,国科天成
300476.SZ,胜宏科技
300323.SZ,华灿光电
600667.SH,太极实业
688130.SH,晶华微
600927.SH,永安期货
300264.SZ,佳创视讯
002460.SZ,赣锋锂业
300815.SZ,玉禾田
600933.SH,爱柯迪
688617.SH,惠泰医疗
688708.SH,佳驰科技
301052.SZ,果麦文化
300921.SZ,南凌科技
000069.SZ,华侨城Ａ
300159.SZ,*ST新研
301212.SZ,联盛化学
600262.SH,北方股份
601279.SH,英利汽车
000722.SZ,湖南发展
688079.SH,美迪凯
688101.SH,三达膜
300909.SZ,汇创达
002350.SZ,北京科锐
000623.SZ,吉林敖东
600381.SH,*ST春天
002823.SZ,凯中精密
300679.SZ,电连技术
300800.SZ,力合科技
301565.SZ,中仑新材
603566.SH,普莱柯
601633.SH,长城汽车
600678.SH,四川金顶
300748.SZ,金力永磁
002185.SZ,华天科技
833523.BJ,德瑞锂电
300532.SZ,今天国际
301459.SZ,丰茂股份
300152.SZ,ST新动力
688226.SH,威腾电气
835857.BJ,百甲科技
300978.SZ,东箭科技
300508.SZ,维宏股份
300018.SZ,中元股份
600328.SH,中盐化工
001319.SZ,铭科精技
688369.SH,致远互联
603713.SH,密尔克卫
000530.SZ,冰山冷热
603400.SH,华之杰
002073.SZ,软控股份
301598.SZ,博科测试
002897.SZ,意华股份
300587.SZ,天铁科技
688361.SH,中科飞测
301120.SZ,新特电气
002164.SZ,宁波东力
002146.SZ,荣盛发展
002992.SZ,宝明科技
600171.SH,上海贝岭
000737.SZ,北方铜业
301499.SZ,维科精密
300287.SZ,飞利信
300450.SZ,先导智能
603786.SH,科博达
600606.SH,绿地控股
600990.SH,四创电子
603014.SH,威高血净
301607.SZ,富特科技
600830.SH,香溢融通
301550.SZ,斯菱股份
600629.SH,华建集团
688533.SH,上声电子
600206.SH,有研新材
688213.SH,思特威-W
300500.SZ,启迪设计
300228.SZ,富瑞特装
300676.SZ,华大基因
300068.SZ,南都电源
300578.SZ,会畅通讯
688125.SH,安达智能
603667.SH,五洲新春
600567.SH,山鹰国际
832175.BJ,东方碳素
834407.BJ,驰诚股份
300088.SZ,长信科技
300220.SZ,金运激光
688400.SH,凌云光
002622.SZ,皓宸医疗
600810.SH,神马股份
688330.SH,宏力达
605060.SH,联德股份
873132.BJ,泰鹏智能
300827.SZ,上能电气
300255.SZ,常山药业
688550.SH,瑞联新材
300383.SZ,光环新网
688385.SH,复旦微电
688559.SH,海目星
300286.SZ,安科瑞
300617.SZ,安靠智电
002358.SZ,森源电气
688279.SH,峰岹科技
603299.SH,苏盐井神
300829.SZ,金丹科技
002493.SZ,荣盛石化
300205.SZ,*ST天喻
920489.BJ,佳先股份
688118.SH,普元信息
301325.SZ,曼恩斯特
837023.BJ,芭薇股份
873339.BJ,恒太照明
688033.SH,天宜新材
688333.SH,铂力特
831396.BJ,许昌智能
300776.SZ,帝尔激光
301487.SZ,盟固利
301507.SZ,民生健康
301158.SZ,德石股份
301012.SZ,扬电科技
301285.SZ,鸿日达
603628.SH,清源股份
601222.SH,林洋能源
688693.SH,锴威特
002957.SZ,科瑞技术
601211.SH,国泰海通
002733.SZ,雄韬股份
002489.SZ,浙江永强
002725.SZ,跃岭股份
000969.SZ,安泰科技
300411.SZ,金盾股份
688211.SH,中科微至
688209.SH,英集芯
001331.SZ,胜通能源
002708.SZ,光洋股份
603885.SH,吉祥航空
600521.SH,华海药业
002931.SZ,锋龙股份
603355.SH,莱克电气
688031.SH,星环科技-U
300058.SZ,蓝色光标
300634.SZ,彩讯股份
601699.SH,潞安环能
301328.SZ,维峰电子
688191.SH,智洋创新
002313.SZ,日海智能
300595.SZ,欧普康视
301260.SZ,格力博
301629.SZ,矽电股份
000100.SZ,TCL科技
831304.BJ,迪尔化工
688468.SH,科美诊断
300804.SZ,广康生化
300784.SZ,利安科技
300303.SZ,聚飞光电
300072.SZ,海新能科
002249.SZ,大洋电机
688695.SH,中创股份
833230.BJ,欧康医药
605222.SH,起帆电缆
300223.SZ,北京君正
301287.SZ,康力源
300389.SZ,艾比森
300369.SZ,绿盟科技
300778.SZ,新城市
600221.SH,海航控股
001308.SZ,康冠科技
603876.SH,鼎胜新材
002777.SZ,久远银海
603108.SH,润达医疗
002213.SZ,大为股份
688100.SH,威胜信息
600675.SH,中华企业
300390.SZ,天华新能
301300.SZ,远翔新材
000404.SZ,长虹华意
300585.SZ,奥联电子
688172.SH,燕东微
601096.SH,宏盛华源
600816.SH,建元信托
002775.SZ,文科股份
300468.SZ,四方精创
002759.SZ,天际股份
603039.SH,泛微网络
920118.BJ,太湖远大
300123.SZ,亚光科技
003032.SZ,*ST传智
301486.SZ,致尚科技
301372.SZ,科净源
300531.SZ,优博讯
871970.BJ,大禹生物
300894.SZ,火星人
002498.SZ,汉缆股份
833873.BJ,中设咨询
301387.SZ,光大同创
600992.SH,贵绳股份
000593.SZ,德龙汇能
688329.SH,艾隆科技
301288.SZ,*ST清研
688016.SH,心脉医疗
000850.SZ,华茂股份
603005.SH,晶方科技
603001.SH,奥康国际
002240.SZ,盛新锂能
688419.SH,耐科装备
301090.SZ,华润材料
430017.BJ,星昊医药
688393.SH,安必平
300063.SZ,天龙集团
603998.SH,方盛制药
688450.SH,光格科技
301199.SZ,迈赫股份
000731.SZ,四川美丰
000532.SZ,华金资本
300568.SZ,星源材质
430510.BJ,丰光精密
001311.SZ,多利科技
000922.SZ,佳电股份
870436.BJ,大地电气
000557.SZ,西部创业
300856.SZ,科思股份
603301.SH,振德医疗
688768.SH,容知日新
300900.SZ,广联航空
300469.SZ,信息发展
301301.SZ,川宁生物
688391.SH,钜泉科技
300881.SZ,盛德鑫泰
300479.SZ,神思电子
600587.SH,新华医疗
300340.SZ,科恒股份
688292.SH,浩瀚深度
002946.SZ,新乳业
600196.SH,复星医药
688092.SH,爱科科技
301392.SZ,汇成真空
603815.SH,交建股份
300269.SZ,联建光电
300342.SZ,天银机电
688728.SH,格科微
688272.SH,富吉瑞
000990.SZ,诚志股份
430139.BJ,华岭股份
601608.SH,中信重工
920819.BJ,颖泰生物
835670.BJ,数字人
603382.SH,海阳科技
603135.SH,中重科技
300039.SZ,上海凯宝
600363.SH,联创光电
300162.SZ,雷曼光电
688357.SH,建龙微纳
300853.SZ,申昊科技
300131.SZ,英唐智控
300501.SZ,海顺新材
301578.SZ,辰奕智能
002218.SZ,拓日新能
301311.SZ,昆船智能
002824.SZ,和胜股份
301280.SZ,珠城科技
300278.SZ,华昌达
301283.SZ,聚胶股份
002283.SZ,天润工业
688018.SH,乐鑫科技
002393.SZ,力生制药
688365.SH,光云科技
834261.BJ,一诺威
836395.BJ,朗鸿科技
300275.SZ,梅安森
301618.SZ,长联科技
688080.SH,映翰通
688026.SH,洁特生物
002870.SZ,香山股份
300215.SZ,电科院
603976.SH,正川股份
300939.SZ,秋田微
002353.SZ,杰瑞股份
301170.SZ,锡南科技
300861.SZ,美畅股份
002691.SZ,冀凯股份
600846.SH,XD同济科
688113.SH,联测科技
836807.BJ,奔朗新材
300421.SZ,力星股份
002688.SZ,金河生物
002676.SZ,顺威股份
002601.SZ,龙佰集团
300243.SZ,瑞丰高材
002074.SZ,国轩高科
603107.SH,上海汽配
002695.SZ,煌上煌
688766.SH,普冉股份
301190.SZ,善水科技
002488.SZ,金固股份
870656.BJ,海昇药业
000708.SZ,中信特钢
301370.SZ,国科恒泰
300560.SZ,中富通
833075.BJ,柏星龙
300826.SZ,测绘股份
600576.SH,祥源文旅
300080.SZ,易成新能
300451.SZ,创业慧康
605086.SH,龙高股份
688236.SH,春立医疗
002983.SZ,芯瑞达
300662.SZ,科锐国际
300241.SZ,瑞丰光电
002471.SZ,中超控股
600104.SH,上汽集团
300363.SZ,博腾股份
603982.SH,泉峰汽车
301289.SZ,国缆检测
603915.SH,国茂股份
831370.BJ,新安洁
301230.SZ,泓博医药
300182.SZ,捷成股份
833781.BJ,瑞奇智造
300647.SZ,超频三
688155.SH,先惠技术
300795.SZ,米奥会展
688690.SH,纳微科技
603583.SH,捷昌驱动
605398.SH,新炬网络
300207.SZ,欣旺达
300618.SZ,寒锐钴业
603788.SH,宁波高发
600425.SH,青松建化
603638.SH,艾迪精密
300042.SZ,朗科科技
600827.SH,百联股份
002560.SZ,通达股份
002496.SZ,*ST辉丰
688776.SH,国光电气
300225.SZ,*ST金泰
300100.SZ,双林股份
688251.SH,井松智能
300514.SZ,友讯达
601011.SH,宝泰隆
000797.SZ,中国武夷
688571.SH,杭华股份
688267.SH,中触媒
301321.SZ,翰博高新
300573.SZ,兴齐眼药
603348.SH,文灿股份
300842.SZ,帝科股份
301662.SZ,宏工科技
300598.SZ,诚迈科技
920019.BJ,铜冠矿建
688212.SH,澳华内镜
601216.SH,君正集团
603032.SH,德新科技
600319.SH,亚星化学
300611.SZ,美力科技
002580.SZ,圣阳股份
688260.SH,昀冢科技
600211.SH,西藏药业
300005.SZ,探路者
603327.SH,福蓉科技
002075.SZ,沙钢股份
300878.SZ,维康药业
688489.SH,三未信安
600259.SH,广晟有色
600615.SH,丰华股份
300483.SZ,首华燃气
300619.SZ,金银河
300890.SZ,翔丰华
300265.SZ,通光线缆
000488.SZ,ST晨鸣
688187.SH,时代电气
000026.SZ,飞亚达
300525.SZ,博思软件
300825.SZ,阿尔特
300045.SZ,华力创通
002114.SZ,罗平锌电
300489.SZ,光智科技
603860.SH,中公高科
603239.SH,浙江仙通
300554.SZ,三超新材
301182.SZ,凯旺科技
870726.BJ,鸿智科技
300092.SZ,科新机电
001380.SZ,华纬科技
688580.SH,伟思医疗
002996.SZ,顺博合金
688049.SH,炬芯科技
301329.SZ,信音电子
300250.SZ,初灵信息
603331.SH,百达精工
600835.SH,上海机电
300773.SZ,拉卡拉
000628.SZ,高新发展
688076.SH,ST诺泰
002546.SZ,新联电子
601567.SH,三星医疗
301168.SZ,通灵股份
300222.SZ,科大智能
000936.SZ,华西股份
300633.SZ,开立医疗
300154.SZ,瑞凌股份
002296.SZ,辉煌科技
832023.BJ,田野股份
300960.SZ,通业科技
000958.SZ,电投产融
688459.SH,哈铁科技
833284.BJ,灵鸽科技
300833.SZ,浩洋股份
301203.SZ,国泰环保
301139.SZ,元道通信
600643.SH,爱建集团
603729.SH,龙韵股份
300466.SZ,赛摩智能
838837.BJ,华原股份
830809.BJ,安达科技
688638.SH,誉辰智能
002079.SZ,苏州固锝
301408.SZ,华人健康
603567.SH,珍宝岛
688215.SH,瑞晟智能
920007.BJ,酉立智能
688680.SH,海优新材
002497.SZ,雅化集团
300604.SZ,长川科技
300497.SZ,富祥药业
603906.SH,龙蟠科技
600258.SH,首旅酒店
600549.SH,厦门钨业
301099.SZ,雅创电子
920029.BJ,开发科技
002731.SZ,萃华珠宝
002997.SZ,瑞鹄模具
300463.SZ,迈克生物
688084.SH,晶品特装
300513.SZ,恒实科技
000723.SZ,美锦能源
603949.SH,雪龙集团
300601.SZ,康泰生物
301068.SZ,大地海洋
300577.SZ,开润股份
688257.SH,新锐股份
300481.SZ,濮阳惠成
603530.SH,神马电力
300484.SZ,蓝海华腾
688326.SH,经纬恒润-W
300098.SZ,高新兴
603408.SH,建霖家居
301248.SZ,杰创智能
002626.SZ,金达威
600531.SH,豫光金铅
002771.SZ,真视通
600826.SH,兰生股份
603088.SH,宁波精达
002091.SZ,江苏国泰
301631.SZ,壹连科技
838670.BJ,恒进感应
002757.SZ,南兴股份
300947.SZ,德必集团
600604.SH,市北高新
300777.SZ,中简科技
002163.SZ,海南发展
300887.SZ,谱尼测试
000655.SZ,金岭矿业
301602.SZ,超研股份
300899.SZ,*ST凯鑫
688203.SH,海正生材
300439.SZ,美康生物
002878.SZ,元隆雅图
002608.SZ,江苏国信
002254.SZ,泰和新材
300170.SZ,汉得信息
002241.SZ,歌尔股份
688615.SH,合合信息
603270.SH,金帝股份
300613.SZ,富瀚微
300219.SZ,鸿利智汇
600048.SH,保利发展
301106.SZ,骏成科技
300735.SZ,光弘科技
300365.SZ,恒华科技
300444.SZ,双杰电气
301236.SZ,软通动力
002436.SZ,兴森科技
000830.SZ,鲁西化工
002314.SZ,南山控股
300288.SZ,朗玛信息
301313.SZ,凡拓数创
002756.SZ,永兴材料
300716.SZ,ST泉为
300034.SZ,钢研高纳
002438.SZ,江苏神通
301056.SZ,森赫股份
002698.SZ,博实股份
600029.SH,南方航空
301339.SZ,通行宝
300174.SZ,元力股份
920002.BJ,万达轴承
839493.BJ,并行科技
836961.BJ,西磁科技
300051.SZ,琏升科技
920066.BJ,科拜尔
301580.SZ,爱迪特
600639.SH,浦东金桥
002139.SZ,拓邦股份
600058.SH,五矿发展
688568.SH,中科星图
688088.SH,虹软科技
300387.SZ,富邦科技
300928.SZ,华安鑫创
688589.SH,力合微
300056.SZ,中创环保
000681.SZ,视觉中国
002466.SZ,天齐锂业
835640.BJ,富士达
300276.SZ,三丰智能
002648.SZ,卫星化学
001226.SZ,拓山重工
003026.SZ,中晶科技
831278.BJ,泰德股份
603797.SH,联泰环保
600272.SH,开开实业
603439.SH,贵州三力
600223.SH,福瑞达
000828.SZ,东莞控股
688082.SH,盛美上海
000690.SZ,宝新能源
600718.SH,东软集团
002811.SZ,郑中设计
600338.SH,西藏珠峰
301269.SZ,华大九天
300413.SZ,芒果超媒
300674.SZ,宇信科技
688552.SH,航天南湖
600782.SH,新钢股份
300991.SZ,创益通
300458.SZ,全志科技
000790.SZ,华神科技
002705.SZ,新宝股份
688345.SH,博力威
603666.SH,亿嘉和
300317.SZ,珈伟新能
000420.SZ,吉林化纤
002273.SZ,水晶光电
002727.SZ,一心堂
300737.SZ,科顺股份
300797.SZ,钢研纳克
839729.BJ,永顺生物
600111.SH,北方稀土
688139.SH,海尔生物
301108.SZ,洁雅股份
300032.SZ,金龙机电
600618.SH,氯碱化工
600640.SH,国脉文化
873527.BJ,夜光明
002962.SZ,五方光电
603882.SH,金域医学
301111.SZ,粤万年青
688418.SH,震有科技
300203.SZ,聚光科技
002373.SZ,千方科技
603110.SH,东方材料
301107.SZ,瑜欣电子
002285.SZ,世联行
603085.SH,天成自控
605077.SH,华康股份
000559.SZ,万向钱潮
688352.SH,颀中科技
601882.SH,海天精工
000983.SZ,山西焦煤
603068.SH,博通集成
688023.SH,安恒信息
600691.SH,阳煤化工
600241.SH,时代万恒
920088.BJ,科力股份
600771.SH,广誉远
301213.SZ,观想科技
600516.SH,方大炭素
002786.SZ,银宝山新
002813.SZ,路畅科技
300956.SZ,英力股份
300307.SZ,慈星股份
688335.SH,复洁环保
600288.SH,大恒科技
600312.SH,平高电气
002977.SZ,天箭科技
300692.SZ,中环环保
002392.SZ,北京利尔
603819.SH,神力股份
300050.SZ,世纪鼎利
603918.SH,金桥信息
002028.SZ,思源电气
300685.SZ,艾德生物
000158.SZ,常山北明
002390.SZ,信邦制药
300212.SZ,易华录
300326.SZ,ST凯利
002145.SZ,中核钛白
300193.SZ,佳士科技
688103.SH,国力股份
301608.SZ,博实结
301188.SZ,力诺药包
300717.SZ,华信新材
838971.BJ,天马新材
001287.SZ,中电港
603959.SH,百利科技
600848.SH,上海临港
000534.SZ,万泽股份
301281.SZ,科源制药
871634.BJ,新威凌
300628.SZ,亿联网络
000541.SZ,佛山照明
600584.SH,长电科技
688225.SH,亚信安全
301003.SZ,江苏博云
603261.SH,*ST立航
688112.SH,鼎阳科技
002034.SZ,旺能环境
002277.SZ,友阿股份
300588.SZ,熙菱信息
300945.SZ,曼卡龙
002980.SZ,华盛昌
301279.SZ,金道科技
601133.SH,柏诚股份
301175.SZ,中科环保
300530.SZ,领湃科技
300518.SZ,新迅达
600590.SH,泰豪科技
300933.SZ,中辰股份
603556.SH,海兴电力
002723.SZ,小崧股份
002408.SZ,齐翔腾达
002292.SZ,奥飞娱乐
603305.SH,旭升集团
603131.SH,上海沪工
300052.SZ,ST中青宝
603079.SH,圣达生物
300602.SZ,飞荣达
301195.SZ,北路智控
688591.SH,泰凌微
688578.SH,艾力斯
600955.SH,维远股份
002692.SZ,远程股份
300138.SZ,晨光生物
300137.SZ,ST先河
833266.BJ,生物谷
300201.SZ,海伦哲
837046.BJ,亿能电力
600726.SH,华电能源
600128.SH,苏豪弘业
300705.SZ,九典制药
603508.SH,思维列控
600623.SH,华谊集团
688334.SH,西高院
300540.SZ,蜀道装备
300781.SZ,因赛集团
000852.SZ,石化机械
301039.SZ,中集车辆
836433.BJ,大唐药业
001328.SZ,登康口腔
603663.SH,三祥新材
301361.SZ,众智科技
600071.SH,凤凰光学
002138.SZ,顺络电子
300752.SZ,隆利科技
603090.SH,宏盛股份
002869.SZ,金溢科技
002345.SZ,潮宏基
301349.SZ,信德新材
603138.SH,海量数据
600819.SH,耀皮玻璃
920128.BJ,胜业电气
301071.SZ,力量钻石
002076.SZ,*ST星光
688611.SH,杭州柯林
835174.BJ,五新隧装
002344.SZ,海宁皮城
603202.SH,天有为
300866.SZ,安克创新
688618.SH,三旺通信
301185.SZ,鸥玛软件
300746.SZ,汉嘉设计
603052.SH,可川科技
002605.SZ,姚记科技
300112.SZ,万讯自控
000615.SZ,*ST美谷
600463.SH,空港股份
601001.SH,晋控煤业
300726.SZ,宏达电子
603799.SH,华友钴业
301585.SZ,蓝宇股份
301047.SZ,义翘神州
002432.SZ,九安医疗
600645.SH,中源协和
600080.SH,金花股份
688665.SH,四方光电
688396.SH,华润微
688047.SH,龙芯中科
300987.SZ,川网传媒
603948.SH,建业股份
836239.BJ,长虹能源
300563.SZ,神宇股份
300721.SZ,怡达股份
688386.SH,泛亚微透
688179.SH,阿拉丁
300957.SZ,贝泰妮
003021.SZ,兆威机电
002806.SZ,华锋股份
002363.SZ,隆基机械
002355.SZ,兴民智通
301586.SZ,佳力奇
300919.SZ,中伟股份
600508.SH,上海能源
600728.SH,佳都科技
300338.SZ,ST开元
301149.SZ,隆华新材
000034.SZ,神州数码
301141.SZ,中科磁业
688188.SH,柏楚电子
600251.SH,冠农股份
603577.SH,汇金通
002123.SZ,梦网科技
603986.SH,兆易创新
002248.SZ,华东数控
603596.SH,伯特利
300571.SZ,平治信息
300177.SZ,中海达
603132.SH,金徽股份
600052.SH,东望时代
603787.SH,新日股份
688628.SH,优利德
300763.SZ,锦浪科技
000002.SZ,万 科Ａ
300012.SZ,华测检测
600881.SH,亚泰集团
301312.SZ,智立方
872392.BJ,佳合科技
871478.BJ,巨能股份
688596.SH,正帆科技
301551.SZ,无线传媒
002425.SZ,ST凯文
300438.SZ,鹏辉能源
300446.SZ,航天智造
300087.SZ,荃银高科
001333.SZ,光华股份
603685.SH,晨丰科技
002541.SZ,鸿路钢构
002229.SZ,鸿博股份
300927.SZ,江天化学
603728.SH,鸣志电器
603023.SH,威帝股份
300883.SZ,龙利得
000725.SZ,京东方Ａ
300941.SZ,创识科技
002587.SZ,奥拓电子
600961.SH,株冶集团
000920.SZ,沃顿科技
603683.SH,晶华新材
688120.SH,华海清科
603229.SH,奥翔药业
600449.SH,宁夏建材
002545.SZ,东方铁塔
688709.SH,成都华微
002204.SZ,大连重工
605377.SH,华旺科技
301353.SZ,普莱得
000521.SZ,长虹美菱
000925.SZ,众合科技
688161.SH,威高骨科
688137.SH,近岸蛋白
688363.SH,华熙生物
002326.SZ,永太科技
300053.SZ,航宇微
300332.SZ,天壕能源
603048.SH,浙江黎明
688410.SH,山外山
688217.SH,睿昂基因
601360.SH,三六零
300545.SZ,联得装备
688095.SH,福昕软件
601111.SH,中国国航
600787.SH,中储股份
600550.SH,保变电气
002340.SZ,格林美
300666.SZ,江丰电子
301042.SZ,安联锐视
603681.SH,永冠新材
603676.SH,卫信康
688325.SH,赛微微电
002441.SZ,众业达
603028.SH,赛福天
300027.SZ,华谊兄弟
300021.SZ,大禹节水
301062.SZ,上海艾录
300718.SZ,长盛轴承
688686.SH,奥普特
301308.SZ,江波龙
002321.SZ,华英农业
000833.SZ,粤桂股份
605577.SH,龙版传媒
600871.SH,石化油服
300981.SZ,中红医疗
300408.SZ,三环集团
838262.BJ,太湖雪
000951.SZ,中国重汽
601168.SH,西部矿业
603215.SH,比依股份
601228.SH,广州港
002184.SZ,海得控制
605218.SH,伟时电子
300122.SZ,智飞生物
301369.SZ,联动科技
600078.SH,澄星股份
300686.SZ,智动力
301381.SZ,赛维时代
002787.SZ,华源控股
688006.SH,杭可科技
600062.SH,华润双鹤
002929.SZ,润建股份
000751.SZ,锌业股份
000428.SZ,华天酒店
600704.SH,物产中大
301596.SZ,瑞迪智驱
002928.SZ,华夏航空
688681.SH,科汇股份
688475.SH,萤石网络
688579.SH,山大地纬
300565.SZ,科信技术
600428.SH,中远海特
002428.SZ,云南锗业
301233.SZ,盛帮股份
000012.SZ,南 玻Ａ
603365.SH,水星家纺
600459.SH,贵研铂业
838227.BJ,美登科技
300968.SZ,格林精密
300161.SZ,华中数控
603660.SH,苏州科达
300160.SZ,秀强股份
601890.SH,亚星锚链
002261.SZ,拓维信息
600613.SH,神奇制药
002455.SZ,百川股份
688127.SH,蓝特光学
600783.SH,鲁信创投
301290.SZ,东星医疗
000930.SZ,中粮科技
873703.BJ,广厦环能
000959.SZ,首钢股份
000036.SZ,华联控股
830964.BJ,润农节水
300418.SZ,昆仑万维
300189.SZ,神农种业
300184.SZ,力源信息
603311.SH,金海高科
301092.SZ,争光股份
834033.BJ,康普化学
002599.SZ,盛通股份
300423.SZ,昇辉科技
002181.SZ,粤 传 媒
688606.SH,奥泰生物
002635.SZ,安洁科技
300452.SZ,山河药辅
603527.SH,众源新材
688561.SH,奇安信-U
001210.SZ,金房能源
601101.SH,昊华能源
301096.SZ,百诚医药
002434.SZ,万里扬
601568.SH,北元集团
002128.SZ,电投能源
873576.BJ,天力复合
600741.SH,华域汽车
300888.SZ,稳健医疗
688575.SH,亚辉龙
603375.SH,盛景微
000656.SZ,*ST金科
002729.SZ,好利科技
300612.SZ,宣亚国际
300227.SZ,光韵达
300062.SZ,中能电气
688682.SH,霍莱沃
301171.SZ,易点天下
002287.SZ,奇正藏药
300882.SZ,万胜智能
300635.SZ,中达安
688152.SH,麒麟信安
600970.SH,中材国际
872190.BJ,雷神科技
300982.SZ,苏文电能
301587.SZ,中瑞股份
605366.SH,宏柏新材
000680.SZ,山推股份
300831.SZ,派瑞股份
000531.SZ,穗恒运Ａ
600850.SH,电科数字
300608.SZ,思特奇
301156.SZ,美农生物
003031.SZ,中瓷电子
002001.SZ,新 和 成
600818.SH,中路股份
301138.SZ,华研精机
300179.SZ,四方达
300144.SZ,宋城演艺
000868.SZ,安凯客车
301173.SZ,毓恬冠佳
002527.SZ,新时达
601218.SH,吉鑫科技
300834.SZ,星辉环材
600703.SH,三安光电
000049.SZ,德赛电池
605018.SH,长华集团
300775.SZ,三角防务
688657.SH,浩辰软件
600151.SH,航天机电
600966.SH,博汇纸业
301567.SZ,贝隆精密
688255.SH,凯尔达
688038.SH,中科通达
000555.SZ,神州信息
603733.SH,仙鹤股份
600346.SH,恒力石化
000831.SZ,中国稀土
000968.SZ,蓝焰控股
002233.SZ,塔牌集团
300350.SZ,华鹏飞
002637.SZ,赞宇科技
002793.SZ,罗欣药业
001216.SZ,华瓷股份
000881.SZ,中广核技
600152.SH,维科技术
603927.SH,中科软
603232.SH,格尔软件
001358.SZ,兴欣新材
000786.SZ,北新建材
002742.SZ,*ST三圣
600456.SH,宝钛股份
688089.SH,嘉必优
002170.SZ,芭田股份
002082.SZ,万邦德
603569.SH,长久物流
603165.SH,荣晟环保
601678.SH,滨化股份
688692.SH,达梦数据
301456.SZ,盘古智能
301589.SZ,诺瓦星云
002868.SZ,*ST绿康
688158.SH,优刻得-W
301508.SZ,中机认检
002734.SZ,利民股份
002747.SZ,埃斯顿
002642.SZ,荣联科技
300075.SZ,数字政通
002530.SZ,金财互联
600125.SH,铁龙物流
002877.SZ,智能自控
301439.SZ,泓淋电力
300176.SZ,鸿特科技
301298.SZ,东利机械
300347.SZ,泰格医药
002038.SZ,双鹭药业
601969.SH,海南矿业
300798.SZ,锦鸡股份
688244.SH,永信至诚
301307.SZ,美利信
301008.SZ,宏昌科技
002130.SZ,沃尔核材
301297.SZ,富乐德
002180.SZ,纳思达
300557.SZ,理工光科
002952.SZ,亚世光电
688129.SH,东来技术
600537.SH,亿晶光电
002693.SZ,*ST双成
000665.SZ,湖北广电
000738.SZ,航发控制
688001.SH,华兴源创
000902.SZ,新洋丰
300931.SZ,通用电梯
688107.SH,安路科技
688409.SH,富创精密
600749.SH,西藏旅游
002452.SZ,长高电新
600379.SH,宝光股份
600097.SH,开创国际
002555.SZ,三七互娱
688093.SH,世华科技
688072.SH,拓荆科技
301136.SZ,招标股份
601666.SH,平煤股份
430300.BJ,辰光医疗
300164.SZ,通源石油
603341.SH,龙旗科技
920068.BJ,天工股份
002866.SZ,传艺科技
001239.SZ,永达股份
300302.SZ,同有科技
301265.SZ,华新环保
002149.SZ,西部材料
600022.SH,山东钢铁
300259.SZ,新天科技
600063.SH,皖维高新
000591.SZ,太阳能
300448.SZ,浩云科技
603768.SH,常青股份
600195.SH,中牧股份
300150.SZ,世纪瑞尔
300667.SZ,必创科技
000688.SZ,国城矿业
300542.SZ,新晨科技
603190.SH,亚通精工
688305.SH,科德数控
603095.SH,越剑智能
300142.SZ,沃森生物
603778.SH,国晟科技
002542.SZ,中化岩土
001376.SZ,百通能源
002863.SZ,今飞凯达
300185.SZ,通裕重工
603055.SH,台华新材
002328.SZ,新朋股份
301273.SZ,瑞晨环保
836208.BJ,青矩技术
300840.SZ,酷特智能
300242.SZ,佳云科技
835185.BJ,贝特瑞
002690.SZ,美亚光电
601579.SH,会稽山
301539.SZ,宏鑫科技
603275.SH,众辰科技
300233.SZ,金城医药
603707.SH,健友股份
688443.SH,智翔金泰-U
301512.SZ,智信精密
002389.SZ,航天彩虹
000837.SZ,秦川机床
300953.SZ,震裕科技
000589.SZ,贵州轮胎
002132.SZ,恒星科技
002333.SZ,罗普斯金
600560.SH,金自天正
301386.SZ,未来电器
300016.SZ,北陆药业
300517.SZ,海波重科
600889.SH,南京化纤
300388.SZ,节能国祯
688456.SH,有研粉材
688707.SH,振华新材
600515.SH,海南机场
300700.SZ,岱勒新材
301314.SZ,科瑞思
300359.SZ,全通教育
002892.SZ,科力尔
002559.SZ,亚威股份
301359.SZ,东南电子
688009.SH,中国通号
601619.SH,嘉泽新能
603409.SH,汇通控股
300741.SZ,华宝股份
600602.SH,云赛智联
301223.SZ,中荣股份
002540.SZ,亚太科技
688133.SH,泰坦科技
002653.SZ,海思科
301207.SZ,华兰疫苗
600499.SH,科达制造
300805.SZ,电声股份
002151.SZ,北斗星通
605180.SH,华生科技
300694.SZ,蠡湖股份
603217.SH,元利科技
300879.SZ,大叶股份
002119.SZ,康强电子
601688.SH,XD华泰证
002889.SZ,东方嘉盛
600278.SH,东方创业
300880.SZ,迦南智能
603344.SH,星德胜
300802.SZ,矩子科技
688509.SH,正元地信
300529.SZ,健帆生物
002703.SZ,浙江世宝
300314.SZ,戴维医疗
300785.SZ,值得买
002136.SZ,安 纳 达
838275.BJ,驱动力
600971.SH,恒源煤电
300768.SZ,迪普科技
000816.SZ,智慧农业
000539.SZ,粤电力Ａ
002451.SZ,摩恩电气
300349.SZ,金卡智能
301024.SZ,霍普股份
300925.SZ,法本信息
301501.SZ,恒鑫生活
688636.SH,智明达
002526.SZ,山东矿机
600479.SH,千金药业
300875.SZ,捷强装备
002649.SZ,博彦科技
002036.SZ,联创电子
601512.SH,中新集团
002092.SZ,中泰化学
873167.BJ,新赣江
600467.SH,好当家
301015.SZ,百洋医药
300455.SZ,航天智装
688372.SH,伟测科技
600248.SH,陕建股份
603122.SH,合富中国
688322.SH,奥比中光-UW
000911.SZ,广农糖业
603026.SH,石大胜华
300093.SZ,*ST金刚
300973.SZ,立高食品
837006.BJ,晟楠科技
600210.SH,紫江企业
603262.SH,技源集团
002590.SZ,万安科技
002415.SZ,海康威视
603933.SH,睿能科技
002077.SZ,大港股份
002236.SZ,大华股份
300791.SZ,仙乐健康
301520.SZ,万邦医药
300600.SZ,国瑞科技
603878.SH,武进不锈
300756.SZ,金马游乐
002658.SZ,雪迪龙
002155.SZ,湖南黄金
001298.SZ,好上好
300490.SZ,华自科技
688510.SH,航亚科技
600759.SH,洲际油气
002361.SZ,神剑股份
688297.SH,中无人机
920027.BJ,交大铁发
601880.SH,辽港股份
300624.SZ,万兴科技
430047.BJ,诺思兰德
600182.SH,S佳通
603056.SH,德邦股份
603051.SH,鹿山新材
000151.SZ,中成股份
002912.SZ,中新赛克
833429.BJ,康比特
688328.SH,深科达
002131.SZ,利欧股份
600662.SH,XD外服控
000039.SZ,中集集团
000766.SZ,通化金马
603826.SH,坤彩科技
002275.SZ,桂林三金
002035.SZ,华帝股份
300528.SZ,幸福蓝海
002476.SZ,宝莫股份
600577.SH,精达股份
600420.SH,国药现代
003025.SZ,思进智能
301179.SZ,泽宇智能
000550.SZ,江铃汽车
001314.SZ,亿道信息
830946.BJ,森萱医药
000888.SZ,峨眉山Ａ
000032.SZ,深桑达Ａ
003002.SZ,壶化股份
688639.SH,华恒生物
605339.SH,南侨食品
600635.SH,大众公用
600608.SH,*ST沪科
600833.SH,第一医药
300031.SZ,宝通科技
600207.SH,安彩高科
002985.SZ,北摩高科
002090.SZ,金智科技
301528.SZ,多浦乐
688231.SH,隆达股份
000586.SZ,汇源通信
836942.BJ,恒立钻具
603586.SH,金麒麟
601921.SH,浙版传媒
600367.SH,红星发展
002612.SZ,朗姿股份
301228.SZ,实朴检测
603730.SH,岱美股份
601200.SH,上海环境
002354.SZ,天娱数科
002410.SZ,广联达
000762.SZ,西藏矿业
603111.SH,康尼机电
000567.SZ,海德股份
000058.SZ,深 赛 格
001388.SZ,信通电子
688597.SH,煜邦电力
601163.SH,三角轮胎
300663.SZ,科蓝软件
300869.SZ,康泰医学
300994.SZ,久祺股份
001289.SZ,龙源电力
300453.SZ,三鑫医疗
600901.SH,江苏金租
600525.SH,ST长园
000573.SZ,粤宏远Ａ
600482.SH,中国动力
300550.SZ,和仁科技
300589.SZ,江龙船艇
300009.SZ,安科生物
688543.SH,国科军工
688565.SH,力源科技
688367.SH,工大高科
688449.SH,联芸科技
300124.SZ,汇川技术
301257.SZ,普蕊斯
603273.SH,天元智能
002600.SZ,领益智造
000899.SZ,赣能股份
600556.SH,天下秀
600448.SH,华纺股份
600089.SH,特变电工
002394.SZ,联发股份
920111.BJ,聚星科技
300079.SZ,数码视讯
601698.SH,中国卫通
301491.SZ,汉桑科技
603220.SH,中贝通信
301077.SZ,星华新材
300345.SZ,华民股份
603658.SH,安图生物
688239.SH,航宇科技
300427.SZ,红相股份
000917.SZ,电广传媒
301126.SZ,达嘉维康
002841.SZ,视源股份
002043.SZ,兔 宝 宝
600801.SH,华新水泥
002539.SZ,云图控股
000565.SZ,渝三峡Ａ
300738.SZ,奥飞数据
301070.SZ,开勒股份
603595.SH,东尼电子
000711.SZ,*ST京蓝
002978.SZ,安宁股份
300173.SZ,福能东方
301337.SZ,亚华电子
301277.SZ,新天地
300548.SZ,长芯博创
920108.BJ,宏海科技
603759.SH,海天股份
300230.SZ,永利股份
002522.SZ,浙江众成
002568.SZ,百润股份
002311.SZ,海大集团
000818.SZ,航锦科技
301045.SZ,天禄科技
872351.BJ,华光源海
002064.SZ,华峰化学
601956.SH,东贝集团
603210.SH,泰鸿万立
002010.SZ,传化智联
603393.SH,新天然气
300036.SZ,超图软件
603682.SH,锦和商管
002232.SZ,启明信息
836826.BJ,盖世食品
000035.SZ,中国天楹
300877.SZ,金春股份
300358.SZ,楚天科技
300707.SZ,威唐工业
601388.SH,怡球资源
600057.SH,厦门象屿
001282.SZ,三联锻造
002861.SZ,瀛通通讯
603181.SH,皇马科技
688522.SH,纳睿雷达
002583.SZ,海能达
002237.SZ,恒邦股份
300761.SZ,立华股份
003039.SZ,顺控发展
600575.SH,淮河能源
603335.SH,迪生力
688099.SH,晶晨股份
688466.SH,金科环境
688652.SH,京仪装备
000063.SZ,中兴通讯
300687.SZ,赛意信息
600302.SH,标准股份
300932.SZ,三友联众
300191.SZ,潜能恒信
300143.SZ,盈康生命
002508.SZ,老板电器
835579.BJ,机科股份
605009.SH,豪悦护理
603399.SH,永杉锂业
920099.BJ,瑞华技术
300146.SZ,汤臣倍健
300615.SZ,欣天科技
688350.SH,富淼科技
688053.SH,思科瑞
600477.SH,杭萧钢构
300712.SZ,永福股份
600186.SH,莲花控股
603049.SH,中策橡胶
000960.SZ,锡业股份
301633.SZ,港迪技术
002562.SZ,兄弟科技
873305.BJ,九菱科技
002900.SZ,哈三联
002882.SZ,金龙羽
300535.SZ,达威股份
300860.SZ,锋尚文化
000937.SZ,冀中能源
002279.SZ,久其软件
002927.SZ,泰永长征
300402.SZ,宝色股份
301295.SZ,美硕科技
000537.SZ,中绿电
000513.SZ,丽珠集团
839371.BJ,欧福蛋业
688200.SH,华峰测控
603298.SH,杭叉集团
002391.SZ,长青股份
600118.SH,中国卫星
301255.SZ,通力科技
600158.SH,中体产业
000839.SZ,国安股份
688036.SH,传音控股
605268.SH,王力安防
603693.SH,江苏新能
605186.SH,健麾信息
688012.SH,中微公司
603895.SH,天永智能
600959.SH,江苏有线
301309.SZ,万得凯
600131.SH,国网信通
301665.SZ,泰禾股份
300605.SZ,恒锋信息
002063.SZ,远光软件
688168.SH,安博通
688623.SH,双元科技
603950.SH,长源东谷
600720.SH,中交设计
300698.SZ,万马科技
000810.SZ,创维数字
300294.SZ,博雅生物
000938.SZ,紫光股份
002969.SZ,嘉美包装
688147.SH,微导纳米
002230.SZ,科大讯飞
301165.SZ,锐捷网络
300864.SZ,南大环境
300755.SZ,华致酒行
301026.SZ,浩通科技
603018.SH,华设集团
301360.SZ,荣旗科技
000962.SZ,东方钽业
002564.SZ,天沃科技
600768.SH,宁波富邦
300097.SZ,ST智云
000756.SZ,新华制药
605055.SH,迎丰股份
603602.SH,纵横通信
002442.SZ,龙星科技
002899.SZ,英派斯
836892.BJ,广咨国际
300787.SZ,海能实业
002183.SZ,怡 亚 通
300520.SZ,科大国创
830779.BJ,武汉蓝电
688569.SH,铁科轨道
002791.SZ,坚朗五金
301592.SZ,六九一二
688570.SH,天玛智控
300251.SZ,光线传媒
300910.SZ,瑞丰新材
300257.SZ,开山股份
601179.SH,中国西电
001356.SZ,富岭股份
002728.SZ,特一药业
002176.SZ,江特电机
300697.SZ,电工合金
605151.SH,西上海
603200.SH,上海洗霸
000778.SZ,新兴铸管
603194.SH,中力股份
002162.SZ,悦心健康
300015.SZ,爱尔眼科
870299.BJ,灿能电力
603105.SH,芯能科技
301278.SZ,快可电子
600882.SH,妙可蓝多
001390.SZ,古麒绒材
601808.SH,中海油服
603077.SH,和邦生物
688307.SH,中润光学
300240.SZ,飞力达
002697.SZ,红旗连锁
300590.SZ,移为通信
600792.SH,云煤能源
002141.SZ,贤丰控股
000157.SZ,中联重科
605108.SH,同庆楼
300636.SZ,同和药业
300470.SZ,中密控股
603456.SH,九洲药业
301558.SZ,三态股份
600736.SH,苏州高新
600098.SH,广州发展
688282.SH,理工导航
300396.SZ,迪瑞医疗
003043.SZ,华亚智能
832802.BJ,保丽洁
688045.SH,必易微
300774.SZ,倍杰特
600088.SH,中视传媒
300424.SZ,航新科技
600742.SH,富维股份
600862.SH,中航高科
002913.SZ,奥士康
300859.SZ,西域旅游
002668.SZ,TCL智家
301373.SZ,凌玮科技
603339.SH,四方科技
300320.SZ,海达股份
600032.SH,浙江新能
601966.SH,玲珑轮胎
600509.SH,天富能源
002557.SZ,洽洽食品
300364.SZ,中文在线
301115.SZ,联检科技
300895.SZ,铜牛信息
002346.SZ,柘中股份
601319.SH,中国人保
002243.SZ,力合科创
603995.SH,甬金股份
301027.SZ,华蓝集团
300141.SZ,和顺电气
301016.SZ,雷尔伟
000777.SZ,中核科技
002286.SZ,保龄宝
002845.SZ,同兴达
600963.SH,岳阳林纸
600746.SH,江苏索普
600583.SH,海油工程
002264.SZ,新 华 都
002251.SZ,步步高
000796.SZ,凯撒旅业
002159.SZ,三特索道
600064.SH,南京高科
600630.SH,龙头股份
301153.SZ,中科江南
600917.SH,重庆燃气
301552.SZ,科力装备
601828.SH,美凯龙
600655.SH,豫园股份
300373.SZ,扬杰科技
301509.SZ,金凯生科
300926.SZ,博俊科技
300434.SZ,金石亚药
603506.SH,南都物业
603956.SH,威派格
000882.SZ,华联股份
603368.SH,柳药集团
002152.SZ,广电运通
000520.SZ,凤凰航运
002855.SZ,捷荣技术
300069.SZ,金利华电
301211.SZ,亨迪药业
300889.SZ,爱克股份
603387.SH,基蛋生物
688312.SH,燕麦科技
300915.SZ,海融科技
000597.SZ,东北制药
000517.SZ,荣安地产
603237.SH,五芳斋
002322.SZ,理工能科
833533.BJ,骏创科技
300430.SZ,诚益通
601718.SH,际华集团
301393.SZ,昊帆生物
300918.SZ,南山智尚
301267.SZ,华厦眼科
600664.SH,哈药股份
300546.SZ,雄帝科技
603072.SH,天和磁材
300195.SZ,长荣股份
688370.SH,丛麟科技
002239.SZ,奥特佳
300078.SZ,思创医惠
688563.SH,航材股份
002124.SZ,天邦食品
000767.SZ,晋控电力
000560.SZ,我爱我家
601021.SH,春秋航空
002597.SZ,金禾实业
002192.SZ,融捷股份
688058.SH,宝兰德
000949.SZ,新乡化纤
000697.SZ,ST炼石
603089.SH,正裕工业
300671.SZ,富满微
002474.SZ,榕基软件
603006.SH,联明股份
688366.SH,昊海生科
603065.SH,宿迁联盛
000592.SZ,平潭发展
000599.SZ,青岛双星
605166.SH,聚合顺
301129.SZ,瑞纳智能
603196.SH,日播时尚
601016.SH,节能风电
002979.SZ,雷赛智能
600903.SH,贵州燃气
600500.SH,中化国际
000670.SZ,盈方微
600395.SH,盘江股份
000701.SZ,厦门信达
002234.SZ,民和股份
002963.SZ,豪尔赛
301357.SZ,北方长龙
603677.SH,奇精机械
603816.SH,顾家家居
002208.SZ,合肥城建
300638.SZ,广和通
301130.SZ,西点药业
600880.SH,博瑞传播
300816.SZ,艾可蓝
000981.SZ,山子高科
300206.SZ,理邦仪器
605368.SH,蓝天燃气
301226.SZ,祥明智能
002949.SZ,华阳国际
300581.SZ,晨曦航空
001316.SZ,润贝航科
002023.SZ,海特高新
300765.SZ,新诺威
920005.BJ,鼎佳精密
600121.SH,郑州煤电
301262.SZ,海看股份
003012.SZ,东鹏控股
300603.SZ,立昂技术
600789.SH,鲁抗医药
600295.SH,鄂尔多斯
600776.SH,东方通信
002362.SZ,汉王科技
002883.SZ,中设股份
600310.SH,广西能源
603605.SH,珀莱雅
002743.SZ,富煌钢构
603330.SH,天洋新材
300044.SZ,ST赛为
300155.SZ,安居宝
000411.SZ,英特集团
002753.SZ,永东股份
301500.SZ,飞南资源
002099.SZ,海翔药业
832278.BJ,鹿得医疗
002803.SZ,吉宏股份
002430.SZ,杭氧股份
001286.SZ,陕西能源
300371.SZ,汇中股份
835305.BJ,*ST云创
600707.SH,彩虹股份
688685.SH,迈信林
002584.SZ,西陇科学
002377.SZ,国创高新
000685.SZ,中山公用
871642.BJ,通易航天
002172.SZ,澳洋健康
001278.SZ,一彬科技
002454.SZ,松芝股份
300375.SZ,鹏翎股份
603680.SH,今创集团
000705.SZ,浙江震元
600067.SH,冠城新材
300980.SZ,祥源新材
600713.SH,南京医药
002659.SZ,凯文教育
603109.SH,神驰机电
600755.SH,厦门国贸
600594.SH,益佰制药
688232.SH,新点软件
600929.SH,雪天盐业
600582.SH,天地科技
600008.SH,首创环保
000985.SZ,大庆华科
301112.SZ,信邦智能
300311.SZ,ST任子行
600785.SH,新华百货
600216.SH,浙江医药
600743.SH,华远控股
600173.SH,卧龙新能
000546.SZ,金圆股份
600611.SH,大众交通
301006.SZ,迈拓股份
300379.SZ,*ST东通
688050.SH,爱博医疗
600997.SH,开滦股份
600120.SH,浙江东方
301333.SZ,诺思格
300675.SZ,建科院
300071.SZ,福石控股
688336.SH,三生国健
603116.SH,红蜻蜓
301335.SZ,天元宠物
002167.SZ,东方锆业
600351.SH,亚宝药业
301083.SZ,百胜智能
600215.SH,派斯林
688511.SH,*ST天微
603233.SH,大参林
000792.SZ,盐湖股份
603699.SH,纽威股份
301232.SZ,飞沃科技
600797.SH,浙大网新
301028.SZ,东亚机械
000021.SZ,深科技
603076.SH,乐惠国际
002398.SZ,垒知集团
600844.SH,金煤科技
600807.SH,济高发展
002479.SZ,富春环保
603648.SH,畅联股份
603706.SH,东方环宇
300858.SZ,科拓生物
600754.SH,锦江酒店
603278.SH,大业股份
600257.SH,大湖股份
002696.SZ,百洋股份
002168.SZ,*ST惠程
002088.SZ,鲁阳节能
000516.SZ,国际医学
605050.SH,福然德
600054.SH,黄山旅游
603881.SH,数据港
603070.SH,万控智造
300310.SZ,宜通世纪
301468.SZ,博盈特焊
603511.SH,爱慕股份
838924.BJ,广脉科技
603317.SH,天味食品
300010.SZ,豆神教育
002805.SZ,丰元股份
600007.SH,中国国贸
601869.SH,长飞光纤
605116.SH,奥锐特
002135.SZ,东南网架
300140.SZ,节能环境
603257.SH,中国瑞林
002166.SZ,莱茵生物
300502.SZ,新易盛
002726.SZ,龙大美食
688109.SH,品茗科技
002765.SZ,蓝黛科技
300404.SZ,博济医药
603359.SH,东珠生态
300147.SZ,ST香雪
600276.SH,恒瑞医药
002970.SZ,锐明技术
000886.SZ,海南高速
688069.SH,德林海
002006.SZ,精工科技
300747.SZ,锐科激光
603488.SH,展鹏科技
603529.SH,爱玛科技
600100.SH,同方股份
600237.SH,铜峰电子
002898.SZ,*ST赛隆
000957.SZ,中通客车
002271.SZ,东方雨虹
600558.SH,大西洋
603291.SH,联合水务
002749.SZ,国光股份
301376.SZ,致欧科技
301246.SZ,宏源药业
600989.SH,宝丰能源
600756.SH,浪潮软件
603188.SH,亚邦股份
601033.SH,永兴股份
300130.SZ,新国都
605507.SH,国邦医药
601156.SH,东航物流
600654.SH,中安科
002016.SZ,世荣兆业
603205.SH,健尔康
002033.SZ,丽江股份
688586.SH,江航装备
688739.SH,成大生物
688030.SH,山石网科
300197.SZ,节能铁汉
000028.SZ,国药一致
688041.SH,海光信息
601212.SH,白银有色
002416.SZ,爱施德
600770.SH,综艺股份
600391.SH,航发科技
000572.SZ,海马汽车
300386.SZ,飞天诚信
002917.SZ,金奥博
300971.SZ,博亚精工
603395.SH,红四方
002160.SZ,常铝股份
300043.SZ,星辉娱乐
603980.SH,吉华集团
688166.SH,博瑞医药
002501.SZ,利源股份
000948.SZ,南天信息
603100.SH,川仪股份
688165.SH,埃夫特-U
300559.SZ,佳发教育
002458.SZ,益生股份
000155.SZ,川能动力
688285.SH,高铁电气
600721.SH,百花医药
600123.SH,兰花科创
605319.SH,无锡振华
603010.SH,万盛股份
300120.SZ,经纬辉开
605056.SH,咸亨国际
871245.BJ,威博液压
603053.SH,成都燃气
603320.SH,迪贝电气
603015.SH,弘讯科技
600261.SH,阳光照明
600866.SH,星湖科技
301079.SZ,邵阳液压
688293.SH,奥浦迈
688670.SH,金迪克
002808.SZ,*ST恒久
002175.SZ,东方智造
603656.SH,泰禾智能
000062.SZ,深圳华强
002256.SZ,兆新股份
002058.SZ,*ST威尔
300054.SZ,鼎龙股份
000159.SZ,国际实业
301085.SZ,亚康股份
001217.SZ,华尔泰
600599.SH,*ST熊猫
600572.SH,康恩贝
600444.SH,国机通用
300516.SZ,久之洋
300301.SZ,ST长方
001368.SZ,通达创智
000650.SZ,仁和药业
600371.SH,万向德农
002516.SZ,旷达科技
603118.SH,共进股份
600228.SH,*ST返利
688343.SH,云天励飞-U
002054.SZ,德美化工
000863.SZ,三湘印象
000803.SZ,山高环能
002439.SZ,启明星辰
600977.SH,中国电影
688010.SH,福光股份
300110.SZ,华仁药业
603776.SH,永安行
600512.SH,腾达建设
002381.SZ,双箭股份
688091.SH,上海谊众
873122.BJ,中纺标
003041.SZ,真爱美家
002301.SZ,齐心集团
002127.SZ,南极电商
688501.SH,青达环保
300629.SZ,新劲刚
000709.SZ,河钢股份
600004.SH,白云机场
301172.SZ,君逸数码
688426.SH,康为世纪
001258.SZ,立新能源
300167.SZ,ST迪威迅
000695.SZ,滨海能源
603718.SH,海利生物
002662.SZ,峰璟股份
300848.SZ,美瑞新材
688150.SH,莱特光电
603296.SH,华勤技术
600714.SH,金瑞矿业
603170.SH,宝立食品
603558.SH,健盛集团
600685.SH,中船防务
000090.SZ,天健集团
002799.SZ,环球印务
605566.SH,福莱蒽特
001339.SZ,智微智能
600056.SH,中国医药
002467.SZ,二六三
002453.SZ,华软科技
688517.SH,金冠电气
688378.SH,奥来德
600315.SH,上海家化
300906.SZ,日月明
920116.BJ,星图测控
600722.SH,金牛化工
688289.SH,圣湘生物
688019.SH,安集科技
000736.SZ,*ST中地
688230.SH,芯导科技
300949.SZ,奥雅股份
688111.SH,金山办公
002829.SZ,星网宇达
300579.SZ,数字认证
300158.SZ,振东制药
603363.SH,傲农生物
002561.SZ,徐家汇
603979.SH,金诚信
830839.BJ,万通液压
003036.SZ,泰坦股份
600717.SH,天津港
600702.SH,舍得酒业
301119.SZ,正强股份
920016.BJ,中草香料
300564.SZ,筑博设计
002631.SZ,德尔未来
300789.SZ,唐源电气
300040.SZ,九洲集团
301073.SZ,君亭酒店
002792.SZ,通宇通讯
600283.SH,钱江水利
605123.SH,派克新材
688218.SH,江苏北人
003003.SZ,天元股份
002020.SZ,京新药业
301332.SZ,德尔玛
600748.SH,上实发展
688083.SH,中望软件
601118.SH,海南橡胶
300556.SZ,丝路视觉
301396.SZ,宏景科技
605277.SH,新亚电子
688390.SH,固德威
601866.SH,中远海发
600476.SH,湘邮科技
000425.SZ,徐工机械
601886.SH,江河集团
002739.SZ,万达电影
603128.SH,华贸物流
600148.SH,长春一东
002083.SZ,孚日股份
688523.SH,航天环宇
605162.SH,新中港
603286.SH,日盈电子
000735.SZ,罗 牛 山
002297.SZ,博云新材
301050.SZ,雷电微力
000552.SZ,甘肃能化
688311.SH,盟升电子
600273.SH,嘉化能源
600962.SH,国投中鲁
601068.SH,中铝国际
300318.SZ,博晖创新
600859.SH,王府井
002469.SZ,三维化学
002921.SZ,联诚精密
001382.SZ,新亚电缆
300190.SZ,维尔利
601616.SH,广电电气
301503.SZ,智迪科技
300055.SZ,万邦达
002349.SZ,精华制药
000829.SZ,天音控股
300096.SZ,ST易联众
002154.SZ,报 喜 鸟
603169.SH,兰石重装
600335.SH,国机汽车
300819.SZ,聚杰微纤
002529.SZ,*ST海源
603022.SH,新通联
002140.SZ,东华科技
300851.SZ,交大思诺
300381.SZ,溢多利
300209.SZ,有棵树
688576.SH,西山科技
002300.SZ,太阳电缆
300074.SZ,华平股份
002758.SZ,浙农股份
002108.SZ,沧州明珠
301302.SZ,华如科技
002666.SZ,德联集团
600230.SH,沧州大化
300688.SZ,创业黑马
301060.SZ,兰卫医学
601010.SH,文峰股份
000793.SZ,ST华闻
301320.SZ,豪江智能
000910.SZ,大亚圣象
300639.SZ,凯普生物
301148.SZ,嘉戎技术
300462.SZ,ST华铭
600072.SH,中船科技
000716.SZ,黑芝麻
300076.SZ,GQY视讯
600309.SH,万华化学
300760.SZ,迈瑞医疗
603501.SH,豪威集团
603000.SH,人民网
002343.SZ,慈文传媒
002864.SZ,盘龙药业
002376.SZ,新北洋
603203.SH,快克智能
688222.SH,成都先导
600694.SH,大商股份
002360.SZ,同德化工
601020.SH,华钰矿业
603279.SH,景津装备
601611.SH,中国核建
002009.SZ,天奇股份
600740.SH,山西焦化
920098.BJ,科隆新材
301367.SZ,瑞迈特
603398.SH,*ST沐邦
300267.SZ,尔康制药
002766.SZ,索菱股份
002538.SZ,司尔特
002053.SZ,云南能投
002032.SZ,苏 泊 尔
002395.SZ,双象股份
002535.SZ,林州重机
003008.SZ,开普检测
000753.SZ,漳州发展
000779.SZ,甘咨询
688288.SH,鸿泉物联
300013.SZ,新宁物流
000921.SZ,海信家电
601226.SH,华电科工
000898.SZ,鞍钢股份
832419.BJ,路斯股份
603087.SH,甘李药业
002374.SZ,中锐股份
600598.SH,北大荒
605167.SH,利柏特
920008.BJ,成电光信
603990.SH,麦迪科技
300285.SZ,国瓷材料
002061.SZ,浙江交科
603042.SH,华脉科技
600529.SH,山东药玻
605007.SH,五洲特纸
688075.SH,安旭生物
300420.SZ,五洋自控
603665.SH,康隆达
300425.SZ,中建环能
002984.SZ,森麒麟
002802.SZ,洪汇新材
603496.SH,恒为科技
603856.SH,东宏股份
300523.SZ,辰安科技
603358.SH,华达科技
300183.SZ,东软载波
000596.SZ,古井贡酒
002606.SZ,大连电瓷
002478.SZ,常宝股份
002968.SZ,新大正
002760.SZ,凤形股份
300266.SZ,兴源环境
301103.SZ,何氏眼科
300306.SZ,远方信息
603322.SH,超讯通信
002609.SZ,捷顺科技
603598.SH,引力传媒
603099.SH,长白山
002730.SZ,电光科技
000825.SZ,太钢不锈
688316.SH,青云科技-U
300172.SZ,中电环保
688616.SH,西力科技
603896.SH,寿仙谷
600986.SH,浙文互联
300536.SZ,农尚环境
688420.SH,美腾科技
600648.SH,外高桥
600800.SH,渤海化学
300459.SZ,汤姆猫
605069.SH,正和生态
600779.SH,水井坊
300582.SZ,英飞特
300989.SZ,蕾奥规划
600815.SH,厦工股份
300081.SZ,恒信东方
000935.SZ,四川双马
002281.SZ,光迅科技
002789.SZ,*ST建艺
002528.SZ,ST英飞拓
603968.SH,醋化股份
001279.SZ,强邦新材
600824.SH,XD益民集
300391.SZ,*ST长药
603858.SH,步长制药
600138.SH,中青旅
300846.SZ,首都在线
002967.SZ,广电计量
301256.SZ,华融化学
002186.SZ,全 聚 德
600279.SH,重庆港
688399.SH,硕世生物
300008.SZ,天海防务
301536.SZ,星宸科技
301382.SZ,蜂助手
603629.SH,利通电子
300115.SZ,长盈精密
002651.SZ,利君股份
002769.SZ,普路通
688253.SH,英诺特
001255.SZ,博菲电气
301023.SZ,江南奕帆
002242.SZ,九阳股份
300271.SZ,华宇软件
000900.SZ,现代投资
301116.SZ,益客食品
300673.SZ,佩蒂股份
600161.SH,天坛生物
600624.SH,复旦复华
002205.SZ,国统股份
000923.SZ,河钢资源
002200.SZ,*ST交投
601333.SH,XD广深铁
300729.SZ,乐歌股份
002419.SZ,天虹股份
603227.SH,雪峰科技
300334.SZ,津膜科技
605389.SH,长龄液压
002067.SZ,景兴纸业
002072.SZ,凯瑞德
000007.SZ,全新好
300135.SZ,宝利国际
600730.SH,中国高科
300478.SZ,杭州高新
002722.SZ,物产金轮
300180.SZ,华峰超纤
301197.SZ,工大科雅
601003.SH,柳钢股份
600336.SH,澳柯玛
603477.SH,巨星农牧
603315.SH,福鞍股份
600628.SH,XD新世界
000739.SZ,普洛药业
002547.SZ,春兴精工
002331.SZ,皖通科技
000600.SZ,建投能源
002103.SZ,广博股份
600593.SH,大连圣亚
600108.SH,亚盛集团
003011.SZ,海象新材
600633.SH,浙数文化
601005.SH,重庆钢铁
002105.SZ,信隆健康
603066.SH,音飞储存
688658.SH,悦康药业
603390.SH,通达电气
002258.SZ,利尔化学
831087.BJ,秋乐种业
601238.SH,广汽集团
600794.SH,保税科技
301272.SZ,英华特
603887.SH,城地香江
603027.SH,千禾味业
000733.SZ,振华科技
605199.SH,ST葫芦娃
001229.SZ,魅视科技
002116.SZ,中国海诚
300952.SZ,恒辉安防
600809.SH,山西汾酒
002633.SZ,申科股份
688455.SH,科捷智能
300958.SZ,建工修复
601515.SH,东峰集团
000672.SZ,上峰水泥
002815.SZ,崇达技术
688387.SH,信科移动-U
000607.SZ,华媒控股
600668.SH,尖峰集团
603209.SH,兴通股份
301210.SZ,金杨股份
002299.SZ,圣农发展
000883.SZ,湖北能源
688351.SH,微电生理
300291.SZ,百纳千成
603578.SH,三星新材
688577.SH,浙海德曼
002403.SZ,爱仕达
601800.SH,中国交建
601799.SH,星宇股份
600461.SH,洪城环境
002616.SZ,长青集团
600773.SH,西藏城投
000953.SZ,河化股份
603901.SH,永创智能
603012.SH,创力集团
601686.SH,友发集团
001299.SZ,美能能源
601500.SH,通用股份
600982.SH,宁波能源
002282.SZ,博深股份
001360.SZ,南矿集团
000915.SZ,华特达因
688015.SH,交控科技
001332.SZ,锡装股份
301159.SZ,三维天地
600620.SH,天宸股份
605001.SH,威奥股份
002953.SZ,日丰股份
600038.SH,中直股份
002449.SZ,国星光电
688320.SH,禾川科技
300983.SZ,尤安设计
600538.SH,国发股份
002682.SZ,龙洲股份
000909.SZ,ST数源
000788.SZ,北大医药
300876.SZ,蒙泰高新
301390.SZ,经纬股份
605011.SH,杭州热电
002603.SZ,以岭药业
601700.SH,风范股份
300384.SZ,三联虹普
000678.SZ,襄阳轴承
688266.SH,泽璟制药-U
002746.SZ,仙坛股份
300999.SZ,金龙鱼
002933.SZ,新兴装备
301101.SZ,明月镜片
600727.SH,鲁北化工
601022.SH,宁波远洋
002713.SZ,*ST东易
601618.SH,中国中冶
600179.SH,安通控股
300426.SZ,华智数媒
688651.SH,盛邦安全
300397.SZ,天和防务
605183.SH,确成股份
603519.SH,立霸股份
600017.SH,日照港
002671.SZ,龙泉股份
605033.SH,美邦股份
605005.SH,合兴股份
301206.SZ,三元生物
601992.SH,金隅集团
000620.SZ,盈新发展
600059.SH,古越龙山
000400.SZ,许继电气
603199.SH,九华旅游
688190.SH,云路股份
300482.SZ,万孚生物
600829.SH,人民同泰
002955.SZ,鸿合科技
301043.SZ,绿岛风
000523.SZ,红棉股份
600520.SH,三佳科技
300937.SZ,药易购
603004.SH,鼎龙科技
601918.SH,新集能源
600396.SH,华电辽能
300597.SZ,吉大通信
603156.SH,养元饮品
600725.SH,云维股份
002323.SZ,雅博股份
002041.SZ,登海种业
688185.SH,康希诺
603967.SH,中创物流
000582.SZ,北部湾港
002566.SZ,益盛药业
601399.SH,国机重装
002717.SZ,ST岭南
603381.SH,永臻股份
601991.SH,大唐发电
833575.BJ,康乐卫士
601038.SH,一拖股份
301231.SZ,荣信文化
301362.SZ,民爆光电
601949.SH,中国出版
601326.SH,秦港股份
603097.SH,江苏华辰
600162.SH,香江控股
601968.SH,宝钢包装
600995.SH,南网储能
000410.SZ,沈阳机床
601231.SH,环旭电子
600101.SH,明星电力
603318.SH,水发燃气
300643.SZ,万通智控
300417.SZ,南华仪器
300596.SZ,利安隆
831152.BJ,昆工科技
300575.SZ,中旗股份
300868.SZ,杰美特
600765.SH,中航重机
688160.SH,步科股份
300653.SZ,正海生物
300487.SZ,蓝晓科技
002821.SZ,凯莱英
600965.SH,福成股份
300722.SZ,新余国科
000553.SZ,安道麦A
002318.SZ,久立特材
002572.SZ,索菲亚
300003.SZ,乐普医疗
002406.SZ,远东传动
300022.SZ,吉峰科技
000554.SZ,泰山石油
600023.SH,浙能电力
301418.SZ,协昌科技
601801.SH,皖新传媒
600280.SH,中央商场
002681.SZ,奋达科技
300552.SZ,万集科技
301059.SZ,金三江
600339.SH,XD中油工
000973.SZ,佛塑科技
002615.SZ,哈尔斯
000875.SZ,吉电股份
301428.SZ,世纪恒通
600268.SH,国电南自
300067.SZ,安诺其
000601.SZ,韶能股份
600033.SH,福建高速
600352.SH,浙江龙盛
600203.SH,福日电子
688398.SH,赛特新材
000800.SZ,一汽解放
300963.SZ,中洲特材
688184.SH,ST帕瓦
600308.SH,华泰股份
300187.SZ,永清环保
688498.SH,源杰科技
000919.SZ,金陵药业
601899.SH,紫金矿业
002578.SZ,闽发铝业
871753.BJ,天纺标
605090.SH,九丰能源
603332.SH,苏州龙杰
600998.SH,九州通
002482.SZ,广田集团
605080.SH,浙江自然
002521.SZ,齐峰新材
688332.SH,中科蓝讯
300029.SZ,*ST天龙
002858.SZ,力盛体育
600388.SH,龙净环保
688136.SH,科兴制药
601015.SH,陕西黑猫
300962.SZ,中金辐照
002347.SZ,泰尔股份
000713.SZ,丰乐种业
603011.SH,合锻智能
600037.SH,歌华有线
603206.SH,嘉环科技
600523.SH,贵航股份
600163.SH,中闽能源
002663.SZ,普邦股份
001387.SZ,雪祺电气
002935.SZ,天奥电子
300607.SZ,拓斯达
688562.SH,航天软件
600117.SH,西宁特钢
002372.SZ,伟星新材
600875.SH,东方电气
600939.SH,重庆建工
605158.SH,华达新材
002563.SZ,森马服饰
000931.SZ,中 关 村
002880.SZ,卫光生物
002327.SZ,富安娜
837403.BJ,康农种业
601588.SH,北辰实业
002060.SZ,广东建工
600873.SH,梅花生物
301017.SZ,漱玉平民
688090.SH,瑞松科技
002165.SZ,红 宝 丽
600551.SH,时代出版
600423.SH,柳化股份
600348.SH,华阳股份
603637.SH,镇海股份
300412.SZ,迦南科技
000862.SZ,银星能源
002596.SZ,海南瑞泽
601528.SH,瑞丰银行
002881.SZ,美格智能
002022.SZ,科华生物
600661.SH,昂立教育
603255.SH,鼎际得
001296.SZ,长江材料
301296.SZ,新巨丰
002348.SZ,高乐股份
002329.SZ,皇氏集团
688143.SH,长盈通
301162.SZ,国能日新
301383.SZ,天键股份
600267.SH,海正药业
302132.SZ,中航成飞
600653.SH,申华控股
002222.SZ,福晶科技
603139.SH,康惠制药
600872.SH,中炬高新
600861.SH,北京人力
603276.SH,恒兴新材
600370.SH,三房巷
003042.SZ,中农联合
600185.SH,珠免集团
600136.SH,ST明诚
603712.SH,七一二
603726.SH,朗迪集团
603017.SH,中衡设计
000876.SZ,新 希 望
000908.SZ,ST景峰
300498.SZ,温氏股份
603917.SH,合力科技
002065.SZ,东华软件
688309.SH,恒誉环保
688051.SH,佳华科技
301066.SZ,万事利
600716.SH,凤凰股份
002972.SZ,科安达
300780.SZ,德恩精工
688175.SH,高凌信息
600808.SH,马钢股份
872895.BJ,花溪科技
002995.SZ,天地在线
000963.SZ,华东医药
688425.SH,铁建重工
688105.SH,诺唯赞
600676.SH,交运股份
002523.SZ,天桥起重
002463.SZ,沪电股份
300335.SZ,迪森股份
000826.SZ,启迪环境
300011.SZ,鼎汉技术
600874.SH,创业环保
600853.SH,龙建股份
002096.SZ,易普力
000822.SZ,山东海化
002737.SZ,葵花药业
603168.SH,莎普爱思
300315.SZ,掌趣科技
000403.SZ,派林生物
002027.SZ,分众传媒
688121.SH,卓然股份
300020.SZ,ST银江
002721.SZ,金一文化
000498.SZ,山东路桥
301310.SZ,鑫宏业
300710.SZ,万隆光电
603267.SH,鸿远电子
603043.SH,广州酒家
002809.SZ,红墙股份
002422.SZ,科伦药业
002511.SZ,中顺洁柔
002191.SZ,劲嘉股份
002490.SZ,山东墨龙
000426.SZ,兴业银锡
301395.SZ,仁信新材
000698.SZ,沈阳化工
688310.SH,迈得医疗
600518.SH,康美药业
002689.SZ,远大智能
300993.SZ,玉马科技
002012.SZ,凯恩股份
600469.SH,风神股份
000905.SZ,厦门港务
600651.SH,飞乐音响
300256.SZ,星星科技
600507.SH,方大特钢
603160.SH,汇顶科技
002772.SZ,众兴菌业
300477.SZ,ST合纵
603700.SH,宁水集团
600683.SH,京投发展
600486.SH,扬农化工
002115.SZ,三维通信
600031.SH,三一重工
300026.SZ,红日药业
002959.SZ,小熊电器
300139.SZ,晓程科技
600543.SH,莫高股份
688488.SH,艾迪药业
603568.SH,伟明环保
600975.SH,新五丰
600527.SH,江南高纤
002798.SZ,帝欧家居
003013.SZ,地铁设计
600897.SH,厦门空港
600313.SH,农发种业
688787.SH,海天瑞声
605337.SH,李子园
300445.SZ,康斯特
001213.SZ,中铁特货
605296.SH,神农集团
600578.SH,京能电力
300248.SZ,新开普
601116.SH,三江购物
300836.SZ,佰奥智能
000885.SZ,城发环境
601127.SH,赛力斯
301009.SZ,可靠股份
002762.SZ,*ST金比
688196.SH,卓越新能
600368.SH,五洲交通
300849.SZ,锦盛新材
603179.SH,新泉股份
300913.SZ,兆龙互连
002291.SZ,遥望科技
600610.SH,中毅达
300511.SZ,雪榕生物
688677.SH,海泰新光
002867.SZ,周大生
603613.SH,国联股份
002255.SZ,海陆重工
000906.SZ,浙商中拓
301303.SZ,真兰仪表
301110.SZ,青木科技
603357.SH,设计总院
301186.SZ,超达装备
000799.SZ,酒鬼酒
601369.SH,陕鼓动力
600217.SH,中再资环
301371.SZ,敷尔佳
300640.SZ,德艺文创
603636.SH,南威软件
002624.SZ,完美世界
603899.SH,晨光股份
000617.SZ,中油资本
600845.SH,宝信软件
603833.SH,欧派家居
831726.BJ,朱老六
600020.SH,中原高速
000505.SZ,京粮控股
688479.SH,友车科技
002194.SZ,武汉凡谷
600180.SH,瑞茂通
000652.SZ,泰达股份
605369.SH,拱东医疗
600569.SH,安阳钢铁
002656.SZ,*ST摩登
001391.SZ,国货航
000966.SZ,长源电力
603499.SH,翔港科技
000860.SZ,顺鑫农业
300024.SZ,机器人
600075.SH,新疆天业
000564.SZ,供销大集
600234.SH,科新发展
605336.SH,帅丰电器
600193.SH,*ST创兴
603421.SH,鼎信通讯
600103.SH,青山纸业
000518.SZ,*ST四环
300788.SZ,中信出版
003006.SZ,百亚股份
000088.SZ,盐 田 港
002832.SZ,比音勒芬
600715.SH,文投控股
300437.SZ,清水源
603836.SH,海程邦达
000408.SZ,藏格矿业
600320.SH,振华重工
600127.SH,金健米业
002431.SZ,棕榈股份
600289.SH,ST信通
000726.SZ,鲁 泰Ａ
600744.SH,华银电力
301331.SZ,恩威医药
002107.SZ,沃华医药
601158.SH,重庆水务
002445.SZ,中南文化
688298.SH,东方生物
002570.SZ,贝因美
002893.SZ,京能热力
601330.SH,绿色动力
301102.SZ,兆讯传媒
002852.SZ,道道全
002588.SZ,史丹利
301109.SZ,军信股份
601933.SH,永辉超市
600359.SH,新农开发
002930.SZ,宏川智慧
002923.SZ,润都股份
002835.SZ,同为股份
002007.SZ,华兰生物
600170.SH,上海建工
002818.SZ,富森美
600168.SH,武汉控股
000710.SZ,贝瑞基因
600502.SH,安徽建工
600227.SH,赤天化
002567.SZ,唐人神
600526.SH,菲达环保
600239.SH,云南城投
000430.SZ,ST张家界
603877.SH,太平鸟
600969.SH,郴电国际
003027.SZ,同兴科技
002732.SZ,燕塘乳业
600609.SH,金杯汽车
603208.SH,江山欧派
001227.SZ,兰州银行
300433.SZ,蓝思科技
872541.BJ,铁大科技
600327.SH,大东方
601083.SH,锦江航运
002795.SZ,永和智控
688178.SH,万德斯
600979.SH,广安爱众
600177.SH,雅戈尔
002646.SZ,天佑德酒
000401.SZ,冀东水泥
002593.SZ,日上集团
000998.SZ,隆平高科
605138.SH,盛泰集团
600935.SH,华塑股份
605259.SH,绿田机械
002991.SZ,甘源食品
600925.SH,苏能股份
300353.SZ,东土科技
603136.SH,天目湖
600010.SH,包钢股份
603801.SH,志邦家居
300659.SZ,中孚信息
002040.SZ,南 京 港
300614.SZ,百川畅银
300770.SZ,新媒股份
300277.SZ,海联讯
603811.SH,诚意药业
601007.SH,金陵饭店
600197.SH,伊力特
603909.SH,建发合诚
600073.SH,光明肉业
002707.SZ,众信旅游
600689.SH,上海三毛
002059.SZ,云南旅游
688151.SH,华强科技
002825.SZ,纳尔股份
000625.SZ,长安汽车
688135.SH,利扬芯片
600814.SH,杭州解百
002640.SZ,跨境通
002156.SZ,通富微电
603198.SH,迎驾贡酒
002025.SZ,航天电器
688356.SH,键凯科技
300872.SZ,天阳科技
300558.SZ,贝达药业
605333.SH,沪光股份
002368.SZ,太极股份
688646.SH,ST逸飞
603678.SH,火炬电子
600166.SH,福田汽车
300422.SZ,博世科
600763.SH,通策医疗
002212.SZ,天融信
000078.SZ,海王生物
873169.BJ,七丰精工
600956.SH,新天绿能
300095.SZ,华伍股份
002495.SZ,佳隆股份
600332.SH,白云山
002982.SZ,湘佳股份
688189.SH,南新制药
600050.SH,中国联通
002005.SZ,ST德豪
603285.SH,键邦股份
600376.SH,首开股份
002031.SZ,巨轮智能
002701.SZ,奥瑞金
002295.SZ,精艺股份
603333.SH,尚纬股份
601518.SH,吉林高速
603919.SH,金徽酒
002351.SZ,漫步者
002247.SZ,聚力文化
600868.SH,梅雁吉祥
001896.SZ,豫能控股
688668.SH,鼎通科技
601598.SH,中国外运
603866.SH,桃李面包
002627.SZ,三峡旅游
832522.BJ,纳科诺尔
000507.SZ,珠海港
603871.SH,嘉友国际
601827.SH,三峰环境
600821.SH,金开新能
002161.SZ,远 望 谷
601888.SH,中国中免
002157.SZ,正邦科技
000045.SZ,深纺织Ａ
001228.SZ,永泰运
601065.SH,江盐集团
600589.SH,大位科技
600616.SH,金枫酒业
600688.SH,上海石化
000008.SZ,神州高铁
601975.SH,招商南油
603235.SH,天新药业
600249.SH,两面针
002607.SZ,中公教育
301088.SZ,戎美股份
002284.SZ,亚太股份
603616.SH,韩建河山
300641.SZ,正丹股份
600579.SH,中化装备
001337.SZ,四川黄金
001378.SZ,德冠新材
600834.SH,申通地铁
603277.SH,银都股份
688722.SH,同益中
601860.SH,紫金银行
000570.SZ,苏常柴Ａ
001338.SZ,永顺泰
000056.SZ,皇庭国际
002037.SZ,保利联合
300295.SZ,三六五网
603825.SH,华扬联众
600981.SH,汇鸿集团
600187.SH,国中水务
001234.SZ,泰慕士
832982.BJ,锦波生物
002457.SZ,青龙管业
300298.SZ,三诺生物
002589.SZ,瑞康医药
300938.SZ,信测标准
688237.SH,超卓航科
601008.SH,连云港
300132.SZ,青松股份
300708.SZ,聚灿光电
600218.SH,全柴动力
300627.SZ,华测导航
603883.SH,老百姓
601898.SH,中煤能源
000789.SZ,万年青
300370.SZ,安控科技
603091.SH,众鑫股份
603515.SH,欧普照明
601019.SH,山东出版
600686.SH,金龙汽车
002644.SZ,佛慈制药
000715.SZ,中兴商业
300405.SZ,科隆股份
002379.SZ,宏创控股
600433.SH,冠豪高新
600793.SH,宜宾纸业
002356.SZ,赫美集团
002761.SZ,浙江建投
603033.SH,三维股份
688096.SH,京源环保
300997.SZ,欢乐家
603195.SH,公牛集团
000978.SZ,桂林旅游
600926.SH,杭州银行
603886.SH,元祖股份
001208.SZ,华菱线缆
300725.SZ,药石科技
000017.SZ,深中华A
603721.SH,*ST天择
002100.SZ,天康生物
001266.SZ,宏英智能
688480.SH,赛恩斯
300783.SZ,三只松鼠
600483.SH,福能股份
603288.SH,海天味业
300163.SZ,先锋新材
603888.SH,新华网
002950.SZ,奥美医疗
603719.SH,良品铺子
300824.SZ,北鼎股份
603230.SH,内蒙新华
600511.SH,国药股份
000421.SZ,南京公用
601121.SH,宝地矿业
300357.SZ,我武生物
603036.SH,如通股份
601318.SH,中国平安
600496.SH,精工钢构
300272.SZ,开能健康
002421.SZ,达实智能
002198.SZ,嘉应制药
603880.SH,南卫股份
605098.SH,行动教育
002274.SZ,华昌化工
600373.SH,中文传媒
839273.BJ,一致魔芋
600491.SH,龙元建设
688081.SH,兴图新科
600753.SH,*ST海钦
600774.SH,汉商集团
600398.SH,海澜之家
603900.SH,莱绅通灵
600548.SH,深高速
002252.SZ,上海莱士
000626.SZ,远大控股
603176.SH,汇通集团
600199.SH,金种子酒
002109.SZ,兴化股份
603565.SH,中谷物流
002304.SZ,洋河股份
002461.SZ,珠江啤酒
601188.SH,龙江交通
002153.SZ,石基信息
300922.SZ,天秦装备
002475.SZ,立讯精密
600055.SH,万东医疗
000543.SZ,皖能电力
601900.SH,南方传媒
002397.SZ,梦洁股份
000993.SZ,闽东电力
603060.SH,国检集团
000423.SZ,东阿阿胶
603696.SH,安记食品
300750.SZ,宁德时代
000089.SZ,深圳机场
002515.SZ,金字火腿
002462.SZ,嘉事堂
600422.SH,昆药集团
603392.SH,万泰生物
600879.SH,航天电子
002902.SZ,铭普光磁
603029.SH,天鹅股份
600189.SH,泉阳泉
003816.SZ,中国广核
002367.SZ,康力电梯
301025.SZ,读客文化
300099.SZ,尤洛卡
603309.SH,维力医疗
600681.SH,百川能源
000761.SZ,本钢板材
300406.SZ,九强生物
600936.SH,广西广电
603938.SH,三孚股份
605388.SH,均瑶健康
002437.SZ,誉衡药业
000528.SZ,柳 工
603839.SH,安正时尚
600790.SH,轻纺城
605599.SH,菜百股份
600066.SH,宇通客车
002427.SZ,尤夫股份
300808.SZ,久量股份
603211.SH,晋拓股份
603655.SH,朗博科技
000977.SZ,浪潮信息
600734.SH,实达集团
600758.SH,辽宁能源
688027.SH,国盾量子
002400.SZ,省广集团
002320.SZ,海峡股份
603268.SH,*ST松发
002122.SZ,汇洲智能
002102.SZ,能特科技
603391.SH,力聚热能
600305.SH,恒顺醋业
300504.SZ,天邑股份
601601.SH,中国太保
000768.SZ,中航西飞
301270.SZ,汉仪股份
601113.SH,华鼎股份
600822.SH,上海物贸
002190.SZ,成飞集成
688071.SH,华依科技
001260.SZ,坤泰股份
002544.SZ,普天科技
600798.SH,宁波海运
600642.SH,申能股份
001872.SZ,招商港口
603533.SH,掌阅科技
300084.SZ,海默科技
002385.SZ,大北农
000637.SZ,茂化实华
600316.SH,洪都航空
605177.SH,东亚药业
603313.SH,梦百合
002414.SZ,高德红外
600867.SH,通化东宝
002543.SZ,万和电气
002117.SZ,东港股份
603187.SH,海容冷链
688573.SH,信宇人
600597.SH,光明乳业
301336.SZ,趣睡科技
600679.SH,上海凤凰
002238.SZ,天威视讯
600663.SH,陆家嘴
002405.SZ,四维图新
000638.SZ,*ST万方
603689.SH,皖天然气
300901.SZ,中胤时尚
600282.SH,南钢股份
002399.SZ,海普瑞
002507.SZ,涪陵榨菜
300527.SZ,ST应急
002827.SZ,高争民爆
000519.SZ,中兵红箭
603083.SH,剑桥科技
000635.SZ,英 力 特
002694.SZ,顾地科技
600865.SH,百大集团
601566.SH,九牧王
002891.SZ,中宠股份
605300.SH,佳禾食品
301356.SZ,天振股份
600429.SH,三元股份
601366.SH,利群股份
002196.SZ,方正电机
000668.SZ,*ST荣控
000020.SZ,深华发Ａ
600724.SH,宁波富达
603970.SH,中农立华
600271.SH,航天信息
003035.SZ,南网能源
002026.SZ,山东威达
001318.SZ,阳光乳业
000858.SZ,五 粮 液
600505.SH,西昌电力
301049.SZ,超越科技
002905.SZ,金逸影视
601952.SH,苏垦农发
688608.SH,恒玄科技
002678.SZ,珠江钢琴
000802.SZ,北京文化
600540.SH,新赛股份
002330.SZ,得利斯
000755.SZ,山西高速
301127.SZ,武汉天源
603893.SH,瑞芯微
601368.SH,绿城水务
000955.SZ,欣龙控股
601858.SH,中国科传
002716.SZ,湖南白银
002290.SZ,禾盛新材
300759.SZ,康龙化成
688287.SH,*ST观典
300970.SZ,华绿生物
600976.SH,健民集团
002849.SZ,威星智能
603517.SH,绝味食品
600333.SH,长春燃气
002386.SZ,天原股份
603708.SH,家家悦
600027.SH,华电国际
000651.SZ,格力电器
000059.SZ,华锦股份
600738.SH,丽尚国潮
000950.SZ,重药控股
605198.SH,安德利
000869.SZ,张 裕Ａ
300654.SZ,世纪天鸿
001373.SZ,翔腾新材
002513.SZ,蓝丰生化
603103.SH,横店影视
603228.SH,景旺电子
688131.SH,皓元医药
300664.SZ,鹏鹞环保
300218.SZ,安利股份
601928.SH,凤凰传媒
000548.SZ,湖南投资
688013.SH,天臣医疗
603061.SH,金海通
600399.SH,抚顺特钢
301180.SZ,万祥科技
601339.SH,百隆东方
601107.SH,四川成渝
600149.SH,廊坊发展
002312.SZ,川发龙蟒
603353.SH,和顺石油
000877.SZ,天山股份
002014.SZ,永新股份
301063.SZ,海锅股份
600858.SH,银座股份
600650.SH,锦江在线
002779.SZ,中坚科技
603538.SH,美诺华
002752.SZ,昇兴股份
600018.SH,上港集团
002574.SZ,明牌珠宝
001215.SZ,千味央厨
301177.SZ,迪阿股份
600202.SH,哈空调
000025.SZ,特 力Ａ
603988.SH,中电电机
300711.SZ,广哈通信
603817.SH,海峡环保
600612.SH,老凤祥
000856.SZ,冀东装备
002456.SZ,欧菲光
603889.SH,新澳股份
603378.SH,亚士创能
002654.SZ,万润科技
300908.SZ,仲景食品
000030.SZ,富奥股份
301258.SZ,富士莱
600908.SH,无锡银行
300886.SZ,华业香料
603345.SH,安井食品
002319.SZ,乐通股份
603310.SH,巍华新材
600817.SH,宇通重工
600498.SH,烽火通信
601199.SH,江南水务
603977.SH,国泰集团
002226.SZ,江南化工
301078.SZ,孩子王
003030.SZ,祖名股份
600236.SH,桂冠电力
600719.SH,大连热电
300979.SZ,华利集团
300321.SZ,同大股份
688048.SH,长光华芯
300935.SZ,盈建科
002169.SZ,智光电气
600281.SH,华阳新材
603069.SH,海汽集团
300322.SZ,硕贝德
600712.SH,南宁百货
600229.SH,城市传媒
300025.SZ,华星创业
000538.SZ,云南白药
002686.SZ,亿利达
301263.SZ,泰恩康
601999.SH,出版传媒
600825.SH,新华传媒
300121.SZ,阳谷华泰
000605.SZ,渤海股份
603038.SH,华立股份
600011.SH,华能国际
300733.SZ,西菱动力
603580.SH,*ST艾艾
603779.SH,威龙股份
002029.SZ,七 匹 狼
002800.SZ,天顺股份
603687.SH,大胜达
000702.SZ,正虹科技
000661.SZ,长春高新
600135.SH,乐凯胶片
603151.SH,邦基科技
300823.SZ,建科智能
600916.SH,中国黄金
603171.SH,税友股份
001205.SZ,盛航股份
603958.SH,哈森股份
301133.SZ,金钟股份
600764.SH,中国海防
603102.SH,百合股份
688278.SH,特宝生物
000848.SZ,承德露露
300622.SZ,博士眼镜
600528.SH,中铁工业
300923.SZ,研奥股份
001209.SZ,洪兴股份
000037.SZ,深南电A
603698.SH,航天工程
300621.SZ,维业股份
002371.SZ,北方华创
301286.SZ,侨源股份
600803.SH,新奥股份
688521.SH,芯原股份
603214.SH,爱婴室
603489.SH,八方股份
301055.SZ,张小泉
600729.SH,重庆百货
003007.SZ,直真科技
603289.SH,泰瑞机器
002315.SZ,焦点科技
600026.SH,中远海能
002981.SZ,朝阳科技
600706.SH,曲江文旅
002840.SZ,华统股份
002577.SZ,雷柏科技
001323.SZ,慕思股份
603520.SH,司太立
603600.SH,永艺股份
300592.SZ,华凯易佰
300929.SZ,华骐环保
300626.SZ,华瑞股份
688528.SH,秦川物联
688073.SH,毕得医药
002015.SZ,协鑫能科
600372.SH,中航机载
603236.SH,移远通信
600292.SH,远达环保
600697.SH,欧亚集团
603697.SH,有友食品
000895.SZ,双汇发展
003000.SZ,劲仔食品
001300.SZ,三柏硕
300986.SZ,志特新材
002553.SZ,南方精工
002780.SZ,三夫户外
603711.SH,香飘飘
688057.SH,金达莱
603071.SH,物产环能
002465.SZ,海格通信
300702.SZ,天宇股份
605122.SH,四方新材
688392.SH,骄成超声
002078.SZ,太阳纸业
603661.SH,恒林股份
001238.SZ,浙江正特
603119.SH,浙江荣泰
000999.SZ,华润三九
603813.SH,*ST原尚
301167.SZ,建研设计
603201.SH,常润股份
003028.SZ,振邦智能
001277.SZ,速达股份
688277.SH,天智航-U
300719.SZ,安达维尔
002888.SZ,惠威科技
601965.SH,中国汽研
688629.SH,华丰科技
300977.SZ,深圳瑞捷
002937.SZ,兴瑞科技
300743.SZ,天地数码
600406.SH,国电南瑞
001309.SZ,德明利
300998.SZ,宁波方正
002289.SZ,*ST宇顺
301192.SZ,泰祥股份
600660.SH,福耀玻璃
603507.SH,振江股份
000997.SZ,新 大 陆
301001.SZ,凯淳股份
688271.SH,联影医疗
301035.SZ,润丰股份
603319.SH,美湖股份
002223.SZ,鱼跃医疗
301205.SZ,联特科技
301316.SZ,慧博云通
000568.SZ,泸州老窖
002896.SZ,中大力德
688585.SH,上纬新材
688228.SH,开普云
605318.SH,法狮龙
605266.SH,健之佳
605255.SH,天普股份
605179.SH,一鸣食品
603843.SH,*ST正平
603838.SH,*ST四通
603668.SH,天马科技
603639.SH,海利尔
603559.SH,ST通脉
603536.SH,惠发食品
603389.SH,*ST亚振
603377.SH,ST东时
603231.SH,索宝蛋白
603213.SH,镇洋发展
603177.SH,德创环保
603059.SH,倍加洁
603058.SH,永吉股份
603016.SH,新宏泰
601996.SH,丰林集团
601989.SH,中国重工
601868.SH,XD中国能
601789.SH,宁波建工
601778.SH,晶科科技
601717.SH,中创智领
601669.SH,中国电建
601599.SH,浙文影业
601390.SH,中国中铁
601186.SH,中国铁建
601106.SH,中国一重
601088.SH,中国神华
601018.SH,宁波港
601000.SH,唐山港
600930.SH,华电新能
600905.SH,三峡能源
600863.SH,内蒙华电
600841.SH,动力新科
600828.SH,茂业商业
600812.SH,华北制药
600805.SH,悦达投资
600795.SH,国电电力
600784.SH,鲁银投资
600780.SH,通宝能源
600750.SH,江中药业
600666.SH,奥瑞德
600644.SH,乐山电力
600617.SH,国新能源
600573.SH,惠泉啤酒
600559.SH,老白干酒
600470.SH,六国化工
600439.SH,瑞贝卡
600408.SH,安泰集团
600397.SH,安源煤业
600360.SH,*ST华微
600356.SH,恒丰纸业
600322.SH,津投城开
600307.SH,酒钢宏兴
600303.SH,曙光股份
600300.SH,维维股份
600285.SH,羚锐制药
600284.SH,浦东建设
600256.SH,广汇能源
600252.SH,中恒集团
600238.SH,*ST椰岛
600169.SH,太原重工
600157.SH,永泰能源
600150.SH,中国船舶
600116.SH,三峡水利
600082.SH,海泰发展
600079.SH,人福医药
600051.SH,宁波联合
600035.SH,楚天高速
301517.SZ,陕西华达
301355.SZ,南王科技
301215.SZ,中汽股份
301065.SZ,本立科技
301048.SZ,金鹰重工
301037.SZ,保立佳
300509.SZ,新美星
300506.SZ,ST名家汇
300280.SZ,*ST紫天
300254.SZ,仟源医药
300247.SZ,融捷健康
300198.SZ,ST纳川
300148.SZ,天舟文化
300125.SZ,*ST聆达
003018.SZ,金富科技
002986.SZ,宇新股份
002919.SZ,名臣健康
002907.SZ,华森制药
002712.SZ,思美传媒
002655.SZ,共达电声
002650.SZ,ST加加
002630.SZ,ST华西
002614.SZ,奥佳华
002554.SZ,惠博普
002550.SZ,千红制药
002537.SZ,海联金汇
002524.SZ,光正眼科
002492.SZ,恒基达鑫
002486.SZ,嘉麟杰
002470.SZ,金正大
002440.SZ,闰土股份
002412.SZ,汉森制药
002382.SZ,蓝帆医疗
002375.SZ,亚厦股份
002309.SZ,中利集团
002293.SZ,罗莱生活
002269.SZ,美邦服饰
002267.SZ,陕天然气
002266.SZ,浙富控股
002250.SZ,联化科技
002216.SZ,三全食品
002214.SZ,*ST大立
002210.SZ,飞马国际
002209.SZ,达 意 隆
002187.SZ,广百股份
002137.SZ,实益达
002133.SZ,广宇集团
002081.SZ,金 螳 螂
002069.SZ,獐子岛
002024.SZ,ST易购
001219.SZ,青岛食品
000965.SZ,天保基建
000932.SZ,华菱钢铁
000929.SZ,*ST兰黄
000927.SZ,中国铁物
000912.SZ,泸天化
000903.SZ,ST云动
000838.SZ,财信发展
000820.SZ,*ST节能
000813.SZ,德展健康
000809.SZ,和展能源
000759.SZ,中百集团
000757.SZ,浩物股份
000720.SZ,新能泰山
000719.SZ,中原传媒
000717.SZ,中南股份
000707.SZ,双环科技
000663.SZ,永安林业
000639.SZ,西王食品
000631.SZ,顺发恒业
000627.SZ,*ST天茂
000619.SZ,海螺新材
000598.SZ,兴蓉环境
000590.SZ,启迪药业
000544.SZ,中原环保
000536.SZ,华映科技
000514.SZ,渝 开 发
000407.SZ,胜利股份
000153.SZ,丰原药业
000096.SZ,广聚能源
000050.SZ,深天马Ａ
000019.SZ,深粮控股
600993.SH,马应龙
688067.SH,爱威科技
301178.SZ,天亿马
000333.SZ,美的集团
002262.SZ,恩华药业
603630.SH,拉芳家化
605003.SH,众望布艺
600761.SH,安徽合力
002268.SZ,电科网安
601838.SH,成都银行
871396.BJ,常辅股份
603589.SH,口子窖
301095.SZ,广立微
300892.SZ,品渥食品
688696.SH,极米科技
301163.SZ,宏德股份
300485.SZ,赛升药业
603777.SH,来伊份
605088.SH,冠盛股份
301577.SZ,美信科技
001211.SZ,双枪科技
603329.SH,上海雅仕
600884.SH,杉杉股份
603258.SH,电魂网络
300467.SZ,迅游科技
600419.SH,天润乳业
300715.SZ,凯伦股份
688778.SH,厦钨新能
000506.SZ,招金黄金
605338.SH,巴比食品
300696.SZ,爱乐达
603307.SH,扬州金泉
605136.SH,丽人丽妆
600757.SH,长江传媒
603045.SH,福达合金
603096.SH,新经典
600900.SH,长江电力
688375.SH,国博电子
002221.SZ,东华能源
600119.SH,长江投资
603991.SH,至正股份
000721.SZ,西安饮食
002788.SZ,鹭燕医药
301518.SZ,长华化学
688315.SH,诺禾致源
601117.SH,中国化学
600535.SH,天士力
600893.SH,航发动力
600129.SH,太极集团
300086.SZ,康芝药业
300723.SZ,一品红
002142.SZ,宁波银行
301007.SZ,德迈仕
002677.SZ,浙江美大
603385.SH,惠达卫浴
601100.SH,恒立液压
002480.SZ,新筑股份
300305.SZ,裕兴股份
301032.SZ,新柴股份
600887.SH,伊利股份
603999.SH,读者传媒
603356.SH,华菱精工
300847.SZ,中船汉光
600188.SH,兖矿能源
600167.SH,联美控股
600820.SH,XD隧道股
000529.SZ,广弘控股
688002.SH,睿创微纳
002831.SZ,裕同科技
600478.SH,科力远
002424.SZ,贵州百灵
603075.SH,热威股份
300329.SZ,海伦钢琴
002639.SZ,雪人集团
301183.SZ,东田微
603551.SH,奥普科技
600693.SH,东百集团
600028.SH,中国石化
002332.SZ,仙琚制药
300385.SZ,雪浪环境
300210.SZ,森远股份
001201.SZ,东瑞股份
603117.SH,万林物流
603916.SH,苏博特
601225.SH,陕西煤业
002519.SZ,银河电子
000016.SZ,深康佳Ａ
600009.SH,上海机场
002039.SZ,黔源电力
002628.SZ,成都路桥
002661.SZ,克明食品
600690.SH,海尔智家
603369.SH,今世缘
000995.SZ,皇台酒业
601069.SH,西部黄金
300813.SZ,泰林生物
002920.SZ,德赛西威
603193.SH,润本股份
002672.SZ,东江环保
600386.SH,北巴传媒
300867.SZ,圣元环保
603020.SH,爱普股份
600488.SH,津药药业
300492.SZ,华图山鼎
601857.SH,中国石油
000988.SZ,华工科技
002702.SZ,海欣食品
600760.SH,中航沈飞
001206.SZ,依依股份
603013.SH,亚普股份
300599.SZ,雄塑科技
000890.SZ,法尔胜
002956.SZ,西麦食品
603321.SH,梅轮电梯
605016.SH,百龙创园
000055.SZ,方大集团
300873.SZ,海晨股份
600988.SH,赤峰黄金
600883.SH,博闻科技
002144.SZ,宏达高科
002548.SZ,金新农
300955.SZ,嘉亨家化
000632.SZ,三木集团
600600.SH,青岛啤酒
000603.SZ,盛达资源
002573.SZ,清新环境
600165.SH,ST宁科
301515.SZ,港通医疗
002512.SZ,达华智能
300645.SZ,正元智慧
600928.SH,西安银行
688548.SH,广钢气体
600566.SH,济川药业
600403.SH,大有能源
600984.SH,建设机械
605089.SH,味知香
600489.SH,中金黄金
600710.SH,苏美达
000415.SZ,渤海租赁
002773.SZ,康弘药业
002594.SZ,比亚迪
002302.SZ,西部建设
002030.SZ,达安基因
301498.SZ,乖宝宠物
600561.SH,江西长运
600585.SH,海螺水泥
603879.SH,永悦科技
603067.SH,振华股份
601187.SH,厦门银行
600665.SH,天地源
000509.SZ,华塑控股
603920.SH,世运电路
600354.SH,敦煌种业
002836.SZ,新宏泽
300181.SZ,佐力药业
688216.SH,气派科技
605299.SH,舒华体育
688485.SH,九州一轨
002404.SZ,嘉欣丝绸
002582.SZ,好想你
301098.SZ,金埔园林
600938.SH,中国海油
000610.SZ,西安旅游
300409.SZ,道氏技术
301595.SZ,太力科技
600105.SH,永鼎股份
002066.SZ,瑞泰科技
601811.SH,新华文轩
603137.SH,恒尚节能
600025.SH,华能水电
000975.SZ,山金国际
301198.SZ,喜悦智行
001203.SZ,大中矿业
000659.SZ,珠海中富
300238.SZ,冠昊生物
000785.SZ,居然智家
600519.SH,贵州茅台
300494.SZ,盛天网络
688068.SH,热景生物
300839.SZ,博汇股份
300837.SZ,浙矿股份
603316.SH,诚邦股份
600039.SH,四川路桥
601668.SH,中国建筑
603758.SH,秦安股份
301588.SZ,美新科技
002003.SZ,伟星股份
603808.SH,歌力思
603125.SH,常青科技
300995.SZ,奇德新材
300234.SZ,开尔新材
001326.SZ,联域股份
300896.SZ,爱美客
603725.SH,天安新材
301556.SZ,托普云农
600854.SH,春兰股份
603101.SH,汇嘉时代
600894.SH,广日股份
603030.SH,全筑股份
688373.SH,盟科药业-U
603717.SH,天域生物
300668.SZ,杰恩设计
600085.SH,同仁堂
830879.BJ,基康技术
600269.SH,赣粤高速
002790.SZ,瑞尔特
300454.SZ,深信服
603223.SH,恒通股份
600987.SH,航民股份
000595.SZ,*ST宝实
600886.SH,国投电力
300194.SZ,福安药业
002352.SZ,顺丰控股
600605.SH,汇通能源
600791.SH,京能置业
300793.SZ,佳禾智能
600323.SH,瀚蓝环境
002021.SZ,中捷资源
301519.SZ,舜禹股份
600885.SH,宏发股份
001218.SZ,丽臣实业
002763.SZ,汇洁股份
600126.SH,杭钢股份
600060.SH,海信视像
603050.SH,科林电气
688078.SH,龙软科技
300658.SZ,延江股份
300447.SZ,全信股份
000952.SZ,广济药业
603992.SH,松霖科技
600941.SH,中国移动
300678.SZ,中科信息
002047.SZ,*ST宝鹰
001322.SZ,箭牌家居
603609.SH,禾丰股份
301658.SZ,首航新能
002839.SZ,张家港行
600340.SH,华夏幸福
603388.SH,*ST元成
601298.SH,青岛港
301169.SZ,零点有数
600636.SH,*ST国化
002401.SZ,中远海科
601006.SH,大秦铁路
000566.SZ,海南海药
002591.SZ,恒大高新
601607.SH,上海医药
002396.SZ,星网锐捷
300854.SZ,中兰环保
301220.SZ,亚香股份
002936.SZ,郑州银行
603351.SH,威尔药业
002246.SZ,北化股份
601872.SH,招商轮船
003016.SZ,欣贺股份
002817.SZ,黄山胶囊
300648.SZ,星云股份
600436.SH,片仔癀
301189.SZ,奥尼电子
300736.SZ,百邦科技
600796.SH,钱江生化
002910.SZ,庄园牧场
000338.SZ,潍柴动力
002748.SZ,世龙实业
605155.SH,西大门
600099.SH,林海股份
601128.SH,常熟银行
300948.SZ,冠中生态
600495.SH,晋西车轴
301105.SZ,鸿铭股份
603172.SH,万丰股份
301010.SZ,晶雪节能
600084.SH,中信尼雅
603908.SH,牧高笛
002369.SZ,卓翼科技
601985.SH,中国核电
688513.SH,苑东生物
000692.SZ,惠天热电
601816.SH,京沪高铁
600132.SH,重庆啤酒
603323.SH,苏农银行
603803.SH,瑞斯康达
002383.SZ,合众思壮
000547.SZ,航天发展
002958.SZ,青农商行
300898.SZ,熊猫乳品
002177.SZ,御银股份
688313.SH,仕佳光子
002095.SZ,生 意 宝
002228.SZ,合兴包装
300308.SZ,中际旭创
002778.SZ,中晟高科
603019.SH,中科曙光
301345.SZ,涛涛车业
002679.SZ,福建金森
002938.SZ,鹏鼎控股
301004.SZ,嘉益股份
300810.SZ,中科海讯
603727.SH,博迈科
002098.SZ,浔兴股份
603366.SH,日出东方
600960.SH,渤海汽车
001202.SZ,炬申股份
002687.SZ,乔治白
688478.SH,晶升股份
001965.SZ,招商公路
300126.SZ,锐奇股份
002826.SZ,易明医药
300649.SZ,杭州园林
301429.SZ,森泰股份
601919.SH,中远海控
002807.SZ,江阴银行
001223.SZ,欧克科技
000926.SZ,福星股份
688627.SH,精智达
001313.SZ,粤海饲料
601089.SH,福元医药
605099.SH,共创草坪
301322.SZ,绿通科技
300669.SZ,沪宁股份
603008.SH,喜临门
600547.SH,山东黄金
002755.SZ,奥赛康
603183.SH,建研院
600358.SH,ST联合
600455.SH,博通股份
688115.SH,思林杰
002581.SZ,ST未名
000048.SZ,京基智农
603216.SH,梦天家居
603579.SH,荣泰健康
002303.SZ,美盈森
603822.SH,嘉澳环保
605500.SH,森林包装
300270.SZ,中威电子
600847.SH,万里股份
000525.SZ,红太阳
002045.SZ,国光电器
301276.SZ,嘉曼服饰
002853.SZ,皮阿诺
002833.SZ,弘亚数控
605028.SH,世茂能源
300082.SZ,奥克股份
000061.SZ,农 产 品
832786.BJ,骑士乳业
839725.BJ,惠丰钻石
301113.SZ,雅艺科技
300512.SZ,中亚股份
300959.SZ,线上线下
600983.SH,惠而浦
601997.SH,贵阳银行
001317.SZ,三羊马
002195.SZ,岩山科技
002366.SZ,融发核电
601766.SH,中国中车
300106.SZ,西部牧业
688302.SH,海创药业-U
600539.SH,狮头股份
301082.SZ,久盛电气
600019.SH,宝钢股份
002634.SZ,棒杰股份
301081.SZ,严牌股份
002999.SZ,天禾股份
601009.SH,南京银行
003001.SZ,中岩大地
600382.SH,广东明珠
603167.SH,渤海轮渡
002084.SZ,海鸥住工
002714.SZ,牧原股份
000669.SZ,ST金鸿
600778.SH,友好集团
301137.SZ,哈焊华通
688500.SH,慧辰股份
002188.SZ,中天服务
002575.SZ,群兴玩具
000571.SZ,新大洲A
600892.SH,*ST大晟
600530.SH,交大昂立
001324.SZ,长青科技
603259.SH,药明康德
300591.SZ,万里马
000729.SZ,燕京啤酒
600468.SH,百利电气
600400.SH,红豆股份
001222.SZ,源飞宠物
002189.SZ,中光学
605567.SH,春雪食品
002700.SZ,万憬能源
002973.SZ,侨银股份
002719.SZ,麦趣尔
002199.SZ,*ST东晶
002620.SZ,ST瑞和
603272.SH,联翔股份
002514.SZ,宝馨科技
300214.SZ,日科化学
001336.SZ,楚环科技
301533.SZ,威马农机
301330.SZ,熵基科技
603955.SH,大千生态
001259.SZ,利仁科技
600426.SH,华鲁恒升
000989.SZ,九芝堂
000001.SZ,平安银行
601963.SH,重庆银行
600337.SH,美克家居
688799.SH,华纳药厂
603987.SH,康德莱
600329.SH,达仁堂
601288.SH,农业银行
000419.SZ,通程控股
600493.SH,凤竹纺织
002337.SZ,赛象科技
002675.SZ,东诚药业
002611.SZ,东方精工
600159.SH,大龙地产
002932.SZ,明德生物
301363.SZ,美好医疗
001330.SZ,博纳影业
301038.SZ,深水规院
002796.SZ,世嘉科技
600235.SH,民丰特纸
600377.SH,宁沪高速
002413.SZ,雷科防务
601728.SH,中国电信
600769.SH,祥龙电业
600036.SH,招商银行
002908.SZ,德生科技
839680.BJ,*ST广道
688066.SH,航天宏图
300749.SZ,顶固集创
002890.SZ,弘宇股份
600674.SH,川投能源
002966.SZ,苏州银行
605378.SH,野马电池
600172.SH,黄河旋风
300950.SZ,德固特
601916.SH,浙商银行
000782.SZ,恒申新材
300188.SZ,国投智能
601077.SH,渝农商行
001231.SZ,农心科技
002948.SZ,青岛银行
601086.SH,国芳集团
001225.SZ,和泰机电
601825.SH,沪农商行
000897.SZ,津滨发展
300884.SZ,狄耐克
300002.SZ,神州泰岳
001366.SZ,播恩集团
301235.SZ,华康洁净
300865.SZ,大宏立
000042.SZ,中洲控股
603182.SH,嘉华股份
603590.SH,康辰药业
600350.SH,山东高速
603810.SH,丰山集团
601169.SH,北京银行
600184.SH,光电股份
688319.SH,欧林生物
002652.SZ,扬子新材
837344.BJ,三元基因
300838.SZ,浙江力诺
000429.SZ,粤高速Ａ
605287.SH,德才股份
603123.SH,翠微股份
300625.SZ,三雄极光
003010.SZ,若羽臣
600250.SH,南京商旅
300289.SZ,利德曼
600012.SH,皖通高速
002265.SZ,建设工业
000677.SZ,恒天海龙
301632.SZ,C广建科
603518.SH,锦泓集团
002046.SZ,国机精工
300616.SZ,尚品宅配
603939.SH,益丰药房
600658.SH,电子城
002941.SZ,新疆交建
600857.SH,宁波中百
600562.SH,国睿科技
300461.SZ,田中精机
603360.SH,百傲化学
603937.SH,丽岛新材
600094.SH,大名城
002008.SZ,大族激光
603867.SH,新化股份
300348.SZ,长亮科技
688557.SH,兰剑智能
002718.SZ,友邦吊顶
002629.SZ,仁智股份
688220.SH,翱捷科技-U
601229.SH,上海银行
002989.SZ,中天精装
301469.SZ,恒达新材
688656.SH,浩欧博
600435.SH,北方导航
000700.SZ,模塑科技
600015.SH,华夏银行
002193.SZ,如意集团
002887.SZ,绿茵生态
003037.SZ,三和管桩
600501.SH,航天晨光
002856.SZ,美芝股份
688180.SH,君实生物-U
600919.SH,江苏银行
601577.SH,长沙银行
002556.SZ,辉隆股份
300519.SZ,新光药业
600968.SH,海油发展
001267.SZ,汇绿生态
688767.SH,博拓生物
300505.SZ,川金诺
002494.SZ,华斯股份
688358.SH,祥生医疗
870199.BJ,倍益康
601658.SH,邮储银行
002094.SZ,青岛金王
601166.SH,兴业银行
002112.SZ,三变科技
000066.SZ,中国长城
601398.SH,工商银行
000791.SZ,甘肃能源
603121.SH,华培动力
603767.SH,中马传动
000558.SZ,天府文旅
688011.SH,新光光电
600137.SH,浪莎股份
001212.SZ,中旗新材
002042.SZ,华孚时尚
688506.SH,百利天恒
002517.SZ,恺英网络
003023.SZ,彩虹集团
603180.SH,金牌家居
300779.SZ,惠城环保
688317.SH,之江生物
601939.SH,建设银行
000972.SZ,*ST中基
605580.SH,恒盛能源
600178.SH,东安动力
000880.SZ,潍柴重机
300996.SZ,普联软件
688687.SH,凯因科技
301234.SZ,五洲医疗
301293.SZ,三博脑科
600000.SH,浦发银行
603444.SH,吉比特
688171.SH,纬德信息
605303.SH,园林股份
600619.SH,海立股份
603848.SH,好太太
300394.SZ,天孚通信
002602.SZ,ST华通
300753.SZ,爱朋医疗
002017.SZ,东信和平
603126.SH,中材节能
601988.SH,中国银行
603406.SH,天富龙
002816.SZ,*ST和科
603429.SH,集友股份
601002.SH,晋亿实业
300555.SZ,ST路通
601328.SH,交通银行
000417.SZ,合百集团
605499.SH,东鹏饮料
601665.SH,齐鲁银行
603997.SH,继峰股份
002785.SZ,万里石
600326.SH,西藏天路
000011.SZ,深物业A
600696.SH,*ST岩石
600855.SH,航天长峰
300533.SZ,冰川网络
603898.SH,好莱客
601998.SH,中信银行
600415.SH,小商品城
688256.SH,寒武纪-U
600016.SH,民生银行
601818.SH,光大银行
000070.SZ,特发信息
600533.SH,栖霞建设
603159.SH,上海亚虹
600246.SH,万通发展
002916.SZ,深南电路
688382.SH,益方生物-U
603073.SH,彩蝶实业
603300.SH,海南华铁
002365.SZ,永安药业
603326.SH,我乐家居
002860.SZ,星帅尔
603080.SH,新疆火炬
688626.SH,翔宇医疗
300757.SZ,罗博特科
002940.SZ,昂利康
002402.SZ,和而泰
003040.SZ,楚天龙
688059.SH,华锐精密
300237.SZ,美晨科技
300703.SZ,创源股份
300472.SZ,*ST新元
002097.SZ,山河智能
600192.SH,长城电工
603818.SH,曲美家居
603037.SH,凯众股份
301080.SZ,百普赛斯
603716.SH,塞力医疗
002307.SZ,北新路桥
603929.SH,亚翔集成
603312.SH,西典新能
688269.SH,凯立新材
000526.SZ,学大教育
301117.SZ,佳缘科技
688205.SH,德科立
601606.SH,长城军工
001270.SZ,*ST铖昌
920101.BJ,志高机械
300521.SZ,爱司凯
000576.SZ,甘化科工
603130.SH,云中马
002565.SZ,顺灏股份
000504.SZ,*ST生物
002558.SZ,巨人网络
000851.SZ,*ST高鸿
600200.SH,*ST苏吴
002384.SZ,东山精密
603280.SH,南方路机
603057.SH,紫燕食品
300976.SZ,达瑞电子
603709.SH,中源家居
600698.SH,湖南天雁
002820.SZ,桂发祥
600581.SH,八一钢铁
002830.SZ,名雕股份
600053.SH,九鼎投资
605598.SH,上海港湾
301318.SZ,维海德
300920.SZ,润阳科技
688273.SH,麦澜德
600967.SH,内蒙一机
605188.SH,国光连锁
000901.SZ,航天科技
603800.SH,洪田股份
300570.SZ,太辰光
300807.SZ,天迈科技
920056.BJ,能之光
920018.BJ,宏远股份
